"HumCap_p","TecExt_p","DiaExt_p","FisExt_p","MktExt_p","RemEff_p","NatEff_p","HumCap2_p","TecExt2_p","DiaExt2_p","FisExt2_p","MktExt2_p","RemEff2_p","NatEff2_p","NIR6_NSp","NIR7_NSp","ynoselec_p","ywdp"
"0.00533350649","0.00211514174","0.00327737108","-0.00516240247","6.23671711e-05","-4.67221924e-05","0.293560133","0.00533350649","0.00214619032","0.00325313959","1.07703571e-05","6.23671711e-05","0.00846892961","0.293560133","0.00557926182","0.299139395","2300.65062","2313.48735"
"-0.000224180956","-0.00020952605","0.00429137418","0.000611725017","0.000372287641","-3.43345589e-06","0.0904817124","-0.000224180956","-0.000209244497","0.00429323619","6.5819176e-05","0.000372287641","0.000768806003","0.0904817124","0.00483824638","0.0953199588","5552.32133","5579.19483"
"-0.00452306713","-0.00325630078","0.0216054781","0.00717421207","0.000504453039","-0.00270077208","0.754135802","-0.00452306713","-0.0032055304","0.0217748728","0.000111939769","0.000504453039","0.147586802","0.754135802","0.0188040032","0.772939805","6845.94727","6974.74346"
"3.90652513e-05","2.43387275e-05","0.00021025432","-4.12601546e-05","1.44707475e-07","0","0.0120767139","3.90652513e-05","2.4340401e-05","0.00021024099","9.3093883e-09","1.44707475e-07","0","0.0120767139","0.000232542852","0.0123092568","4463.06598","4464.10383"
"0.00255239285","0.00244261928","0.00339707204","-0.00443314484","0.000118409573","-6.2170721e-06","0.0237437093","0.00255239285","0.00246254078","0.00338018796","2.95647265e-05","0.000118409573","0.00157285832","0.0237437093","0.00407113183","0.0278148411","17681.4923","17753.4845"
"-0.00124073523","-0.000691552373","0.00764896823","0.00115040748","0.000405144893","-0.000362819139","0.0951739111","-0.00124073523","-0.000690592296","0.00766377685","6.87807505e-05","0.000405144893","0.0557816937","0.0951739111","0.00690941386","0.102083325","18200.3149","18326.1193"
"0.0273282266","0.0586830684","0.00327103703","-0.0796274397","3.55944049e-05","-0.00106082093","0.0152510555","0.0273282266","0.0650808569","0.0030119733","-5.46259588e-06","3.55944049e-05","0.0048093845","0.0152510555","0.00862966576","0.0238807213","27830.2958","28070.4705"
"0.00747272701","0.0198736292","0.00625220441","-0.0288885052","4.50591863e-05","-0.0018843472","0.0221615919","0.00747272701","0.020730604","0.00608578049","1.36268701e-05","4.50591863e-05","0.0182047085","0.0221615919","0.00287076745","0.0250323594","23855.3597","23923.846"
"-0.000823520644","-0.00045635224","0.00189538337","0.000843268259","3.59897417e-05","-3.29723469e-05","0.0200346722","-0.000823520644","-0.000455634735","0.00189781233","4.9011605e-06","3.59897417e-05","0.0231254025","0.0200346722","0.00146179614","0.0214964684","11758.0941","11775.2827"
"0.00189066581","0.00426728899","0.00105835145","-0.00966628807","0.000206248586","2.07177324e-05","0.185089841","0.00189066581","0.00433466151","0.00105187406","7.22537044e-05","0.000206248586","0.00852839857","0.185089841","-0.0022230155","0.182866826","1196.29467","1193.63474"
"0.0120350576","0.027329816","0.0060726762","-0.0361076925","2.79032068e-05","-0.00528848136","0.0201482507","0.0120350576","0.0286973142","0.00584267985","-5.67147844e-07","2.79032068e-05","0.0537262544","0.0201482507","0.00406927919","0.0242175299","28485.5887","28601.5077"
"-0.00127199239","-0.00222693427","0.000980246074","0.00542146351","0.000154208355","-4.056513e-05","0.0563384607","-0.00127199239","-0.00220435623","0.000983687926","2.75942983e-05","0.000154208355","0.0141726217","0.0563384607","0.00301642615","0.0593548869","3333.23067","3343.28667"
"-0.000290597779","-0.000767962229","0.000489356643","0.00170691518","1.89008892e-05","-1.08216049e-05","0.026480834","-0.000290597779","-0.000765988278","0.000489875206","3.27644763e-06","1.89008892e-05","0.00960306943","0.026480834","0.00114579109","0.0276266251","2995.01003","2998.44175"
"0.000629493664","0.000282194134","0.000975063178","-0.000684622676","1.48204345e-05","-7.74517272e-05","0.0913592144","0.000629493664","0.000282740921","0.000974175034","1.4516785e-06","1.48204345e-05","0.0688657781","0.0913592144","0.00113949701","0.0924987115","2456.89694","2459.69661"
"-0.00105465787","-0.00239626459","0.0109687822","0.00348143201","8.73443519e-07","-0.000276600231","0.0665106181","-0.00105465787","-0.00238366199","0.0110067657","1.87146566e-07","8.73443519e-07","0.0257957836","0.0665106181","0.010723565","0.0772341831","12613.048","12748.305"
"0.000482563428","0.000298755325","0.00122406025","-0.000476197921","1.24573911e-05","0","0.0560010844","0.000482563428","0.000298964831","0.00122310462","1.58145105e-06","1.24573911e-05","0","0.0560010844","0.00154163848","0.0575427229","5554.29002","5562.85284"
"-0.0103945546","-0.00711155018","0.0124410408","0.0140151137","0.00313816045","0","0.173443496","-0.0103945546","-0.00691760711","0.0126627157","0.000406865887","0.00313816045","0","0.173443496","0.0120882102","0.185531707","20548.3885","20797.5637"
"-0.00426762321","-0.00277868824","0.01699087","0.00606486304","0.000353872827","-0.00129155745","0.418168182","-0.00426762321","-0.00274150175","0.0171114425","0.000103895514","0.000353872827","0.0877544079","0.418168182","0.0150717369","0.433239919","9076.40707","9213.25271"
"0.00496944105","0.00565571079","0.00413370718","-0.00897372263","6.43578929e-05","-3.78751151e-05","0.0447176274","0.00496944105","0.00573669871","0.00409024767","1.70010897e-05","6.43578929e-05","0.00659011542","0.0447176274","0.00581161917","0.0505292466","10731.3441","10793.7146"
"-0.0302369139","-0.0180648154","0.0189377456","0.0389570831","0.00633027149","-0.000549102917","0.884625732","-0.0302369139","-0.016638392","0.0198988968","0.0029295928","0.00633027149","0.0607146323","0.884625732","0.0153742679","0.9","9741.15178","9891.86894"
"-0.00234912475","-0.00267356391","0.0062591373","0.00445034231","2.03922524e-06","-0.000220308485","0.155028961","-0.00234912475","-0.00265361383","0.0062907337","8.53448522e-07","2.03922524e-06","0.0403016906","0.155028961","0.00546852169","0.160497482","6732.51731","6769.3343"
"-0.00340225736","-0.00106284918","0.00114029355","0.00236362221","8.88694294e-06","2.58595421e-06","0.0136565548","-0.00340225736","-0.0010567844","0.00114540792","2.46966622e-06","8.88694294e-06","0.00269762279","0.0136565548","-0.000949717879","0.0127068369","10889.4705","10879.1285"
"-0.029279245","-0.0202871771","0.0215919019","0.043173394","0.0130819502","-0.000518566165","0.377930986","-0.029279245","-0.0188195553","0.0227179494","0.00592518124","0.0130819502","0.0353239304","0.377930986","0.0277622578","0.405693244","18601.4158","19124.6784"
"0.00218162656","0.0017636618","0.00379602583","-0.00314892029","0.000147079432","0","-0.00231279647","0.00218162656","0.00177387131","0.00378110827","1.85347818e-05","0.000147079432","0","-0.00231279647","0.00473947333","0.00242667686","40323.9211","40515.0634"
"5.20522065e-05","2.53949934e-05","0.00218269512","-6.18660041e-05","3.50413562e-05","-8.16098394e-06","0.0586113204","5.20522065e-05","2.54006338e-05","0.00218252609","7.81361857e-06","3.50413562e-05","0.00372628044","0.0586113204","0.00222515669","0.060836477","6643.49816","6658.28151"
"-0.00211722026","-0.00110039644","0.000577443857","0.00316061604","1.04588158e-05","-1.58128563e-06","0.0546649902","-0.00211722026","-0.0010889322","0.000579307847","5.22189991e-06","1.04588158e-05","0.00304760396","0.0546649902","0.00052932073","0.0551943109","2903.06625","2904.60292"
"0.00148800199","0.00413010186","0.00126388661","-0.00898139389","0.000235887396","0","0.183807897","0.00148800199","0.00418388542","0.00125682563","1.34764722e-05","0.000235887396","0","0.183807897","-0.00186351603","0.181944381","1308.68848","1306.24914"
"0.0259659566","0.0654380763","0.00604064732","-0.0713348689","5.26491863e-07","-0.000434961443","0.0436426821","0.0259659566","0.0697549324","0.00553474894","-3.19665393e-05","5.26491863e-07","0.00200025353","0.0436426821","0.0256753764","0.0693180585","26020.6434","26688.7336"
"0.031494651","0.0352873884","0.00883558957","-0.0536788443","9.61930791e-05","-0.00345375389","0.0198389656","0.031494651","0.037960802","0.00828246937","2.05478197e-05","9.61930791e-05","0.0167060848","0.0198389656","0.0185812238","0.0384201894","25681.2538","26158.4888"
"0.00511259883","0.00364207691","0.00327616869","-0.00651624385","2.94807621e-05","-6.64343058e-06","0.0147953165","0.00511259883","0.00368511007","0.00324773582","5.71695589e-06","2.94807621e-05","0.000311503726","0.0147953165","0.00553743791","0.0203327544","21504.9769","21624.0629"
"0.00144550876","0.00479249597","0.000544569366","-0.00781757573","5.93271997e-06","6.18126652e-06","0.0114773175","0.00144550876","0.00484032759","0.000541193399","5.48146331e-07","5.93271997e-06","0.00600811058","0.0114773175","-0.00102288765","0.0104544298","10678.5053","10667.5823"
"-0.00109208837","-0.000621690151","0.00222373959","0.00183580975","0.000116660422","-3.64924316e-05","0.167544225","-0.00109208837","-0.000618040758","0.00222755713","2.59974082e-05","0.000116660422","0.015802526","0.167544225","0.0024259388","0.169970164","2671.62676","2678.10872"
"-0.00374276066","-0.00262306222","0.00253989312","0.00765024679","0.000466969859","-2.90470766e-05","0.165289709","-0.00374276066","-0.00256285046","0.00255616521","6.87683833e-05","0.000466969859","0.00765349418","0.165289709","0.00426223982","0.169551949","3338.46644","3352.70243"
"-0.000243128191","-0.000116246758","0.00200675971","0.000337729109","3.06752523e-05","-1.02421226e-05","0.233503326","-0.000243128191","-0.000116120588","0.00200748115","9.33681696e-06","3.06752523e-05","0.00518622164","0.233503326","0.002005547","0.235508873","1955.14099","1959.06224"
"-0.0026787532","-0.00105379596","0.00488486002","0.00172235514","1.68855235e-05","-4.50271366e-05","0.0834179203","-0.0026787532","-0.00105182632","0.00490316131","4.08379035e-06","1.68855235e-05","0.0159126795","0.0834179203","0.00284652439","0.0862644447","11727.1218","11760.5039"
"0.00577502345","0.00324131929","0.0109041474","-0.00948307872","0.000683030458","-0.00236515045","0.891244709","0.00577502345","0.00334234751","0.0108067104","0.000164782879","0.000683030458","0.292997273","0.891244709","0.00875529142","0.9","1670.18383","1684.81678"
"-0.00645929765","-0.00731920998","0.0239890487","0.0198738787","0.00370865049","-0.00361541997","0.86982235","-0.00645929765","-0.00703360312","0.0243241999","0.00166396535","0.00370865049","0.136590728","0.86982235","0.0301776504","0.9","5951.57651","6131.84967"
"0.000901499116","0.000614441902","0.00431418331","-0.00103688272","3.04596762e-05","-7.82515138e-05","0.08869536","0.000901499116","0.000615528898","0.00430765317","1.04572075e-05","3.04596762e-05","0.0165963262","0.08869536","0.00474544978","0.0934408098","13088.8472","13150.9616"
"0.0181582041","0.0121300362","0.0135112266","-0.0242598679","0.00177417048","0","0.878686231","0.0181582041","0.0127934113","0.0131140258","0.00147064989","0.00177417048","0","0.878686231","0.0213137695","0.9","4258.84947","4349.78294"
"0.00665208425","0.00552957388","0.0150634876","-0.00714211162","9.10639965e-05","-0.00093415039","0.098594895","0.00665208425","0.00556515442","0.0148821978","3.61330565e-05","9.10639965e-05","0.0487326441","0.098594895","0.0192599478","0.117854843","21028.6627","21433.7105"
"0.0114561567","0.0587237423","0.0049704191","-0.0906212981","6.43413888e-05","-0.000354086712","0.0345818019","0.0114561567","0.0654720437","0.00464447062","1.31003348e-05","6.43413888e-05","0.0105857305","0.0345818019","-0.0157607254","0.0188210765","14672.5427","14441.2779"
"0.00907835471","0.0236316191","0.00631337593","-0.0325753888","3.79149159e-05","-0.000890963212","0.0343257193","0.00907835471","0.0247565605","0.00611340656","8.77718531e-06","3.79149159e-05","0.00931856878","0.0343257193","0.0055949127","0.039920632","23401.8294","23532.7656"
"-0.000314027189","-0.000428512189","0.00240076574","0.00114486561","0.000461446531","-9.15503651e-05","0.192979394","-0.000314027189","-0.000427619002","0.00240254972","0.000110797493","0.000461446531","0.0337632161","0.192979394","0.00317298813","0.196152382","2557.00276","2565.11984"
"0.0171068795","0.0290009357","0.00573201048","-0.0428982154","0.000131302546","-0.000750801601","0.0185225287","0.0171068795","0.0308384606","0.00547936875","5.61022344e-05","0.000131302546","0.0098169082","0.0185225287","0.00832211131","0.02684464","30827.4791","31084.0625"
"0.00360552388","0.00348612115","0.0143821623","-0.0060560805","9.86935741e-05","-0.00133790645","0.659305836","0.00360552388","0.00352231119","0.0142808873","1.14063653e-05","9.86935741e-05","0.0950229772","0.659305836","0.0141785139","0.67348435","8940.488","9067.26335"
"0.00474238753","0.00226234477","0.0084947977","-0.00472618808","0.000150418803","-1.60808574e-05","0.240308627","0.00474238753","0.00228648074","0.00843570782","3.44462492e-05","0.000150418803","0.00149488399","0.240308627","0.0109076799","0.251216306","6065.66269","6131.83495"
"0.00159684015","0.00115403358","0.0102722968","-0.00189075522","1.25786012e-06","-0.000524697618","0.349738824","0.00159684015","0.0011574594","0.0102441165","3.0198702e-07","1.25786012e-06","0.0494637614","0.349738824","0.0106089756","0.360347799","7655.69362","7736.91279"
"0.00515159562","0.00300858549","0.00156882437","-0.00566239063","3.77279174e-05","-0.000166108888","0.0452559449","0.00515159562","0.00304166006","0.0015561261","6.79683071e-06","3.77279174e-05","0.0425864977","0.0452559449","0.00393823388","0.0491941787","8192.48194","8224.74707"
"0.00353747821","0.00360476427","0.00505450844","-0.00974279914","0.000783342728","0","0.896762705","0.00353747821","0.00369301111","0.00501866393","0.000106694296","0.000783342728","0","0.896762705","0.00323729451","0.9","1253.88314","1257.94552"
"0.00819701016","0.0136947081","0.00272152056","-0.0208112391","7.37891315e-06","-0.00130307995","0.013516679","0.00819701016","0.0141312768","0.00266321814","-1.24434234e-06","7.37891315e-06","0.0122931145","0.013516679","0.00250629866","0.0160229777","20861.5429","20913.8286"
"0.0119716197","0.0131329935","0.00732987411","-0.016796276","1.13659216e-05","-0.00115969921","0.02596669","0.0119716197","0.0133672479","0.00715036691","-3.49253984e-07","1.13659216e-05","0.0180101009","0.02596669","0.014489878","0.040456568","23115.0166","23449.9541"
"0.0022974929","0.00193430879","0.00127819002","-0.0055131148","5.03536134e-05","1.95351434e-08","0.133217358","0.0022974929","0.00196413392","0.00127280377","1.07982047e-05","5.03536134e-05","0.00629443916","0.133217358","4.72500576e-05","0.133264608","2364.7593","2364.87104"
"-0.00607152199","-0.00704801773","0.00736666581","0.00794273382","2.92050303e-05","-0.000278613187","-0.00549363317","-0.00607152199","-0.00700608548","0.0074645979","9.49881722e-06","2.92050303e-05","0.0077653842","-0.00549363317","0.00194045175","-0.00355318142","30119.9583","30178.4063"
"0.00569122074","0.00272669918","0.0211957985","-0.00232272582","0.00958599388","-0.00190858157","0.865031595","0.00569122074","0.00275503206","0.0210188633","0.00297553931","0.00958599388","0.0751930767","0.865031595","0.0349684049","0.9","5806.82448","6011.84519"
"0.0162964558","0.0248140343","0.00399222181","-0.0365650069","5.76631021e-05","-0.00244415664","0.0143623584","0.0162964558","0.0261467775","0.00383458033","5.96525041e-06","5.76631021e-05","0.0184784073","0.0143623584","0.00615121149","0.0205135699","27439.9026","27608.701"
"-0.00503530328","-0.00240280295","0.0212599697","0.00462381667","0.000201064314","-0.00093412576","0.882287381","-0.00503530328","-0.00238439355","0.0214192887","0.000198451322","0.000201064314","0.0533433947","0.882287381","0.0177126187","0.9","9129.47297","9291.21237"
"0.00582234262","0.00598895797","0.00312867021","-0.0136643371","0.000528537375","-5.13567919e-06","0.074855961","0.00582234262","0.00616221799","0.00309214792","8.39113239e-05","0.000528537375","0.0040422567","0.074855961","0.00179903541","0.0766549964","7947.61302","7961.91862"
"0.0400630237","0.0467963721","0.00879753043","-0.0681793953","0.000213839849","-0.000639611552","0.0377445058","0.0400630237","0.0509771784","0.00809445128","4.86396384e-05","0.000213839849","0.00449669807","0.0377445058","0.0270517591","0.0647962649","24954.3076","25629.5099"
"-0.00804227067","-0.0083969178","0.00645584459","0.00845496817","3.78136009e-05","9.02972257e-05","0.109050747","-0.00804227067","-0.00838727122","0.00656374727","6.42558648e-06","3.78136009e-05","0.0627901928","0.109050747","-0.00140026489","0.107650482","7661.55411","7650.8255"
"0.00431944674","0.00353253357","0.0037787246","-0.00839942856","0.000465470321","-7.75226378e-05","0.240566239","0.00431944674","0.00360432213","0.00374928528","0.000124687305","0.000465470321","0.024581069","0.240566239","0.00361922404","0.244185463","4007.64004","4022.15134"
"0.00266912098","0.00224899955","0.00184330058","-0.00641886745","7.96692753e-05","-3.24206314e-06","0.226912409","0.00266912098","0.00228931472","0.00183427938","1.01972321e-05","7.96692753e-05","0.00955482574","0.226912409","0.000418980868","0.22733139","1622.08742","1622.7671"
"-0.00401631464","-0.00243468007","0.00696953675","0.00697084499","0.000769327085","-0.000369643354","0.749544119","-0.00401631464","-0.00238328339","0.00701478912","0.000102766921","0.000769327085","0.0519180704","0.749544119","0.00788907077","0.75743319","2585.19834","2605.60885"
"-0.000309284211","-0.000699352315","0.00649722803","0.00172510464","0.00106841263","-0.000370127561","0.621083557","-0.000309284211","-0.000697497813","0.00650378799","0.000104492646","0.00106841263","0.0540839996","0.621083557","0.00791198121","0.628995538","1539.53097","1551.72474"
"-0.0107415086","-0.00869211852","0.00646563163","0.0211413515","0.000799673251","0","-0.0290584613","-0.0107415086","-0.00824091083","0.00659377255","9.48999255e-05","0.000799673251","0","-0.0290584613","0.00897302924","-0.0200854321","35732.6191","36053.5055"
"0.00263039223","0.00586970982","0.0078539742","-0.00879096478","3.60309043e-06","-0.00114592399","0.0577096911","0.00263039223","0.00594789805","0.00778777729","-4.29255314e-07","3.60309043e-06","0.0107912034","0.0577096911","0.00642079056","0.0641304816","16958.0707","17066.9553"
"-0.0585558806","-0.0344429619","0.0255627055","0.0691352259","0.0200081774","-9.01211668e-05","0.878382855","-0.0585558806","-0.0300448331","0.0281837628","0.00638324382","0.0200081774","0.0560117931","0.878382855","0.0216171451","0.9","10092.0187","10314.6334"
"-0.00596857633","-0.00227447469","0.0113966154","0.00683849127","4.24284985e-05","-0.000688704387","0.311676661","-0.00596857633","-0.00221694661","0.0114913391","6.38361465e-06","4.24284985e-05","0.0740275593","0.311676661","0.00934577976","0.321022441","11908.2916","12019.5886"
"-0.0545612071","-0.0252045833","0.0263592965","0.0656628293","0.0370371456","-0.0021124916","0.852819011","-0.0545612071","-0.0221830052","0.0286441172","0.0143858693","0.0370371456","0.20825356","0.852819011","0.0471809895","0.9","5660.7116","5938.06184"
"-0.0103102206","-0.00335474043","0.0123647171","0.0102706471","0.000389527722","-0.00122649462","0.866382342","-0.0103102206","-0.00322310203","0.0125360214","0.000130516285","0.000389527722","0.158381856","0.866382342","0.00813343629","0.874515779","6247.18956","6298.02048"
"-0.000296784489","-0.000166034888","0.0132205777","0.000306145876","9.44387397e-06","-0.000828253478","0.205438684","-0.000296784489","-0.000165943828","0.0132266993","2.34306734e-06","9.44387397e-06","0.067691821","0.205438684","0.0122450946","0.217683778","10401.9892","10529.3637"
"-0.00690810063","-0.00499950735","0.0129273629","0.0156076072","0.0070949514","-0.00312099174","0.879398678","-0.00690810063","-0.00478646251","0.0130831519","0.00115303563","0.0070949514","0.231075535","0.879398678","0.0206013217","0.9","1837.71399","1875.84386"
"0.0125922318","0.0256793692","0.0059790225","-0.0422573015","0.000228416525","-0.000935033324","0.105405459","0.0125922318","0.0272906315","0.0057586305","5.56597961e-05","0.000228416525","0.0244177457","0.105405459","0.00128670519","0.106692164","10355.5661","10368.8937"
"-0.000869817576","-0.000458333679","0.000378257103","0.00112078705","3.52154422e-06","-1.14347618e-06","0.00777971634","-0.000869817576","-0.00045690794","0.000378760154","4.62549113e-07","3.52154422e-06","0.00673625942","0.00777971634","0.000173270971","0.00795298731","8360.85804","8362.30674"
"0.0014447065","0.000680386132","0.00082905269","-0.00157067092","2.88967575e-05","-2.20898304e-05","0.0389297722","0.0014447065","0.000683208341","0.000827294612","4.57168333e-06","2.88967575e-05","0.0162260031","0.0389297722","0.00139028134","0.0403200536","5940.99727","5949.25716"
"0.0149743795","0.0174113002","0.0178198171","-0.0200717585","4.13007964e-05","-0.00129796873","-0.0109442707","0.0149743795","0.0176600199","0.0172608139","3.05768946e-06","4.13007964e-05","0.00712203895","-0.0109442707","0.0288770705","0.0179327997","32035.0402","32960.1566"
"-0.00441651653","-0.00211275999","0.0026306154","0.00412146856","0.000130849248","-5.5241837e-07","0.0449968405","-0.00441651653","-0.00209517086","0.0026479043","2.33626923e-05","0.000130849248","0.00248551584","0.0449968405","0.000353104266","0.0453499447","11204.4831","11208.44"
"0.00689773278","0.00348659686","0.0051798408","-0.00622272066","8.97597539e-05","-5.75350236e-05","0.507685377","0.00689773278","0.00352342937","0.00512660445","1.64963167e-05","8.97597539e-05","0.00619728047","0.507685377","0.00937367451","0.517059052","2327.12016","2348.93579"
"0.0235321551","0.0195044159","0.0124295566","-0.025599156","0.000517710144","-0.00382300182","0.0855787899","0.0235321551","0.0199637622","0.0119167026","0.000214243514","0.000517710144","0.028674577","0.0855787899","0.0265616799","0.11214047","25952.9198","26642.63"
"0.0488219805","0.0721242196","0.00646672873","-0.0979450137","0.00010216965","-0.0120392939","0.0776200262","0.0488219805","0.0806736861","0.00576899117","1.24970243e-06","0.00010216965","0.050622872","0.0776200262","0.0175307909","0.0951508171","23417.2664","23827.8315"
"0.00349308513","0.00731437868","0.00595263586","-0.0122091343","3.51691549e-05","-0.000661284421","0.0199037532","0.00349308513","0.00744718367","0.0058889908","7.71505705e-06","3.51691549e-05","0.0080306369","0.0199037532","0.0039248501","0.0238286033","22765.6587","22855.0136"
"-0.000493516513","-0.000205923473","0.0250642052","0.00439358638","0.00755612442","-0.005537172","0.869222696","-0.000493516513","-0.000205820662","0.0250817484","0.00393499938","0.00755612442","0.238453519","0.869222696","0.0307773041","0.9","7354.60404","7582.68231"
"0.00256913494","0.00172403302","0.00391070458","-0.00252677289","8.14094983e-05","-0.000497156582","0.0788419965","0.00256913494","0.00172945202","0.00389398704","2.04163513e-05","8.14094983e-05","0.095977229","0.0788419965","0.00526135257","0.0841033491","14394.1607","14469.8996"
"0.00288993168","0.00415659006","0.000895933005","-0.00507614294","2.57393456e-06","-6.09010617e-06","0.00724944407","0.00288993168","0.00418065174","0.000889663968","3.394361e-07","2.57393456e-06","0.000712227557","0.00724944407","0.00286279563","0.0101122397","28308.9649","28390.0079"
"-0.00278608145","-0.00194543578","0.00902183429","0.00278277919","3.72051433e-05","-8.26650586e-06","0.0214406876","-0.00278608145","-0.00193925857","0.00906472419","5.89813228e-06","3.72051433e-05","0.00117009272","0.0214406876","0.00710203488","0.0285427225","17315.6258","17438.6065"
"-0.00365448268","-0.0026034066","0.00230104657","0.00762920042","0.000461053305","-7.01706317e-05","0.182450964","-0.00365448268","-0.00254471572","0.00231553695","0.000125307882","0.000461053305","0.0194800076","0.182450964","0.00406324038","0.186514205","2915.39186","2927.24326"
"0.00240351332","0.00203514529","0.000539832547","-0.00381386088","4.68120655e-06","-0.000108626465","0.0412653181","0.00240351332","0.00205000307","0.000537447003","1.36932362e-06","4.68120655e-06","0.102865599","0.0412653181","0.00106068502","0.0423260031","3462.57004","3466.24276"
"-0.00294297522","-0.00357432307","0.00501553896","0.00931704538","0.000524842884","-0.000105792727","0.245199383","-0.00294297522","-0.00349948738","0.00504844116","3.96385479e-05","0.000524842884","0.0137223969","0.245199383","0.0082343362","0.25343372","5214.45417","5257.41429"
"0.00378556619","0.0029356757","0.00357959713","-0.00482750826","0.00020492056","-4.0175827e-07","0.0316819549","0.00378556619","0.00295910288","0.00355569842","4.01551861e-05","0.00020492056","7.34082736e-05","0.0316819549","0.00567784957","0.0373598045","20372.6077","20488.304"
"-0.00264684742","-0.0014758721","0.0102713676","0.00407687006","0.000946078869","-8.4119474e-05","0.888912523","-0.00264684742","-0.00145827704","0.0103138888","9.0266024e-05","0.000946078869","0.00829466202","0.888912523","0.0110874775","0.9","3895.93021","3939.16715"
"-0.00563167349","-0.00314270422","0.013316288","0.00530249144","0.00129353952","-0.00247849736","0.445948562","-0.00563167349","-0.00311877009","0.0134341644","0.000122486613","0.00129353952","0.336482424","0.445948562","0.0086594439","0.454608006","10923.7752","11018.4916"
"-0.00697546163","-0.0181005715","0.00534600319","0.0406653001","0.00568636934","-0.00189393276","0.875272293","-0.00697546163","-0.0170016795","0.00548350782","0.000556552464","0.00568636934","0.0994642717","0.875272293","0.0247277067","0.9","2154.64405","2208.22816"
"0.00706228854","0.00456352635","0.00392963164","-0.00934819766","0.000102913747","0","0.148612508","0.00706228854","0.00465508059","0.00388447149","1.18447053e-05","0.000102913747","0","0.148612508","0.00631016261","0.15492267","5374.86075","5408.78048"
"-0.0214348787","-0.00925874528","0.0197557","0.0164087088","0.00142708465","-0.000140188735","0.637407488","-0.0214348787","-0.00903614892","0.0203812752","0.000335991924","0.00142708465","0.0262988852","0.637407488","0.00675768073","0.644165169","11104.2075","11179.3534"
"-0.0134999365","-0.00586822918","0.00498014853","0.0137627325","0.000412384001","2.68163469e-05","0.0913585413","-0.0134999365","-0.00564642207","0.00507850995","3.53235048e-05","0.000412384001","0.0448082975","0.0913585413","-0.000186084328","0.091172457","7977.41955","7975.93447"
"-1.15950897e-05","-5.98899852e-06","0.000151765292","1.79609268e-05","1.04722515e-06","-2.41305131e-05","0.0337979983","-1.15950897e-05","-5.98865711e-06","0.000151767961","7.27696476e-07","1.04722515e-06","0.188502524","0.0337979983","0.000129058843","0.0339270572","1531.09279","1531.29039"
"-0.0196422405","-0.0178525767","0.0106120773","0.0194196516","0.000320174948","0.000353732255","0.0297867655","-0.0196422405","-0.0177297164","0.0110254755","9.63471808e-05","0.000320174948","0.049755878","0.0297867655","-0.00678918116","0.0229975843","17274.2843","17156.9685"
"0.0324639855","0.0639448062","0.0102977443","-0.0963282188","0.00017590096","-0.0244882688","0.00430034055","0.0324639855","0.0728272984","0.00939224897","2.5603851e-05","0.00017590096","0.0950182254","0.00430034055","-0.0139340507","-0.00963371011","58847.1704","58027.0467"
"0.0112177393","0.0108423824","0.00864175318","-0.0146558714","0.000221440352","-0.00920886082","0.0919713121","0.0112177393","0.011026923","0.00845522978","5.68773284e-05","0.000221440352","0.0646667949","0.0919713121","0.00705858292","0.099029895","18041.852","18169.2301"
"0.00063383678","0.000375301964","0.0126247224","-0.00065830924","0.00102040331","-0.00080429833","0.35988391","0.00063383678","0.000376300938","0.0126119951","0.000301235466","0.00102040331","0.0660817991","0.35988391","0.0131916568","0.373075567","6592.44153","6679.49559"
"0.0305557543","0.026813305","0.0109201188","-0.0509372034","0.00122271543","-0.00289657484","0.603713711","0.0305557543","0.0292922928","0.0103276322","0.000519836694","0.00122271543","0.200380127","0.603713711","0.0156781152","0.619391826","4539.43881","4610.69578"
"0.00261239743","0.00305978691","0.00204188675","-0.00820161334","0.000252814","1.11198893e-05","0.198565846","0.00261239743","0.0031191943","0.00203037011","3.0254233e-05","0.000252814","0.0233404017","0.198565846","-0.000223608362","0.198342238","1949.62418","1949.18812"
"-0.000595498708","-0.000742791894","0.000719821836","0.00161532294","3.3478138e-05","-1.54298568e-06","0.00167857714","-0.000595498708","-0.000740514459","0.000720786458","7.42649806e-06","3.3478138e-05","0.00155025453","0.00167857714","0.00102878932","0.00270736646","20491.1322","20512.214"
"0.00629670779","0.00241807973","0.013961836","-0.0047763535","4.90760259e-05","-0.000616465765","0.338328993","0.00629670779","0.00243984433","0.0138412128","1.3883524e-05","4.90760259e-05","0.0283927986","0.338328993","0.0173328803","0.355661873","13935.669","14177.2261"
"-0.00108310195","-0.000850310915","0.0153159601","0.0016327059","3.31613433e-05","-0.000746751674","0.61491115","-0.00108310195","-0.000847645027","0.0153456295","6.67516634e-06","3.31613433e-05","0.0523356762","0.61491115","0.0143016628","0.629212813","5047.89872","5120.09446"
"-0.00158524167","-0.00719646111","0.00225677306","0.0141419625","0.000189799348","-0.000271772115","0.10994768","-0.00158524167","-0.00708320836","0.00227676695","3.2161476e-05","0.000189799348","0.0369996555","0.10994768","0.00753506004","0.11748274","3423.2124","3449.01141"
"0.00112323622","0.000696463663","0.0201453577","-0.00104634499","0.0002037753","-0.000959116948","0.157020706","0.00112323622","0.000697617494","0.0201087658","9.16469716e-05","0.0002037753","0.0480529248","0.157020706","0.0201633709","0.177184077","19371.0435","19761.7086"
"0.000283617124","0.000110144617","0.000587394018","-0.000231859994","3.06745968e-06","-6.11611912e-07","0.0262594898","0.000283617124","0.000110202591","0.000587162816","1.30436798e-07","3.06745968e-06","0.000816915797","0.0262594898","0.000751751613","0.0270112414","5663.39141","5667.64889"
"0.000885278084","0.000354211909","0.00160582649","-0.00076081843","3.45507813e-05","-0.000189990503","0.253466179","0.000885278084","0.000354863938","0.00160383855","7.95235591e-06","3.45507813e-05","0.100284902","0.253466179","0.00192905833","0.255395237","1708.29594","1711.59145"
"-0.00304494849","-0.0167719967","0.00151577799","0.0316651167","0.0005123228","-3.76314926e-05","0.0302749614","-0.00304494849","-0.0162401838","0.00154642337","0.000145870808","0.0005123228","0.00282384773","0.0302749614","0.0138386407","0.0441136022","5292.14049","5365.41406"
"0.000157007153","7.06319826e-05","0.00246114315","-0.000184018466","2.40215065e-05","0","0.158734864","0.000157007153","7.06731475e-05","0.00246058303","2.90719059e-06","2.40215065e-05","0","0.158734864","0.00252878533","0.16126365","2931.73541","2939.14932"
"-0.0359724102","-0.0504688076","0.0126573029","0.11239173","0.0152856151","-0.00053547731","-0.00631928037","-0.0359724102","-0.0396878981","0.0138549409","0.00313251963","0.0152856151","0.014064734","-0.00631928037","0.0533579532","0.0470386728","21651.8475","22825.0793"
"0.00126569739","0.0028193265","0.000567292252","-0.00652727679","5.76804897e-05","3.99507994e-06","0.0776590281","0.00126569739","0.00284998589","0.000564984278","1.00708068e-05","5.76804897e-05","0.00213530384","0.0776590281","-0.00181328507","0.0758457431","1627.2628","1624.31194"
"-0.00325377039","-0.00156835872","0.0024855531","0.00268125602","0.000124783624","-1.54368612e-06","0.0120217723","-0.00325377039","-0.00156211656","0.00249759683","3.03502827e-05","0.000124783624","0.00449875466","0.0120217723","0.000467919945","0.0124896922","19624.9951","19634.1792"
"-0.00369424706","-0.0016108965","0.00101946963","0.00431834884","2.69678329e-05","-2.46896408e-07","0.0265952304","-0.00369424706","-0.00158863322","0.00102490691","1.20534425e-05","2.69678329e-05","0.00761367767","0.0265952304","5.9395842e-05","0.0266546263","6732.93781","6733.33773"
"0.000698010531","0.00277525492","0.000285883548","-0.00559103075","1.92141801e-05","2.91577013e-05","0.0444016056","0.000698010531","0.00279386676","0.000284894036","2.66041957e-06","1.92141801e-05","0.0161742454","0.0444016056","-0.00178350987","0.0426180957","1464.99264","1462.37976"
"0.000142286749","5.45617933e-05","0.00118580862","-0.000117077776","4.75894328e-05","-9.99903805e-05","0.0759689548","0.000142286749","5.45797423e-05","0.00118557524","8.15119736e-06","4.75894328e-05","0.0857852808","0.0759689548","0.00121317844","0.0771821333","4332.84225","4338.09901"
"0.0102715462","0.00644579939","0.0104592471","-0.0141692671","0.000796798466","-0.00115825479","0.887354131","0.0102715462","0.00666018135","0.0102872712","0.000193277801","0.000796798466","0.0977506852","0.887354131","0.0126458693","0.9","3796.95608","3845.01018"
"0.017567833","0.0307115243","0.00675137697","-0.0444359488","9.30202822e-05","-0.000563690578","0.0152954732","0.017567833","0.0326894331","0.00644043682","2.06136409e-05","9.30202822e-05","0.00516925446","0.0152954732","0.0101241152","0.0254195884","28723.9846","29014.8166"
"0.0183736672","0.0645537725","0.00501384961","-0.0906607737","3.44619298e-05","-0.000618982809","0.00831361693","0.0183736672","0.0731204803","0.00462990356","4.00256777e-06","3.44619298e-05","0.00631024908","0.00831361693","-0.00330400521","0.00500961173","36804.7767","36683.1694"
"-0.000338541012","-0.000225838105","0.00132948516","0.000652528863","0.000105445217","-0.000158546075","0.021966722","-0.000338541012","-0.000225411641","0.00133023592","1.85570667e-05","0.000105445217","0.125921279","0.021966722","0.00136453405","0.0233312561","12503.2847","12520.3477"
"0.044141635","0.0883144598","0.01632556","-0.12234313","8.66294619e-05","-0.00164232338","0.0744891947","0.044141635","0.10240101","0.0144160644","4.65436002e-06","8.66294619e-05","0.00731542439","0.0744891947","0.0248828307","0.0993720254","21150.8497","21677.1883"
"5.32992354e-05","3.35678619e-05","0.000174683118","-5.70184092e-05","2.30325842e-07","-3.39819976e-07","0.0115090038","5.32992354e-05","3.3571077e-05","0.000174667945","4.86618463e-08","2.30325842e-07","0.00166421799","0.0115090038","0.000204422312","0.0117134261","4297.05387","4297.93228"
"0.00469539987","0.00570281318","0.00196363807","-0.012500401","0.000136634869","3.60617871e-06","0.0798408404","0.00469539987","0.00583967171","0.00194342987","1.50055868e-05","0.000136634869","0.026723587","0.0798408404","1.69120688e-06","0.0798425316","5323.43125","5323.44025"
"-0.000646149816","-0.000378857439","0.00809482436","0.00069018373","0.00038892036","-0.000127972409","0.242093375","-0.000646149816","-0.000378499821","0.00810313012","6.4800097e-05","0.00038892036","0.0167678109","0.242093375","0.00802094878","0.250114323","11741.1944","11835.4065"
"0.0030078682","0.00226727727","0.00624498797","-0.00349038179","6.44127443e-05","-0.000137358937","0.141197648","0.0030078682","0.00227863435","0.00621221762","9.25235955e-06","6.44127443e-05","0.0174039663","0.141197648","0.00795680547","0.149154454","10232.7811","10314.2066"
"0.0227278035","0.0126416135","0.0078585095","-0.0168902379","0.000352059721","-0.0020421963","0.436439871","0.0227278035","0.0127592493","0.00759005372","4.48823788e-05","0.000352059721","0.0840565923","0.436439871","0.0246475521","0.461087423","6759.68007","6926.34831"
"0.00124074887","0.000495474856","0.00147718733","-0.000879389407","1.47368893e-05","-1.73287138e-06","0.0826891386","0.00124074887","0.000496141285","0.00147462704","1.52639678e-06","1.47368893e-05","0.000742991775","0.0826891386","0.00234702566","0.0850361643","3637.68847","3646.22634"
"0.0122878653","0.0182006592","0.011244486","-0.0288459573","0.000337470704","-0.000715142475","0.142347125","0.0122878653","0.0190126364","0.0109118013","9.34150659e-05","0.000337470704","0.0239872721","0.142347125","0.0125093815","0.154856506","13099.9221","13263.8493"
"0.0158812662","0.012119232","0.0146282618","-0.0228923548","3.9294667e-06","-0.00300137598","0.125979062","0.0158812662","0.0126291819","0.0142298198","-1.25464392e-05","3.9294667e-06","0.0316591941","0.125979062","0.0167389587","0.142718021","15752.4526","16016.1333"
"0.00323635451","0.00231392673","0.0036490301","-0.0044720416","1.15001954e-05","-0.000109720601","0.0813133736","0.00323635451","0.0023346183","0.00362888874","1.56425154e-06","1.15001954e-05","0.0237616532","0.0813133736","0.00462904934","0.0859424229","6731.61704","6762.77839"
"0.000282766895","0.000190900031","0.000478565743","-0.000312574155","1.64142063e-06","-5.85565031e-06","0.0115194407","0.000282766895","0.000190995247","0.00047833917","3.67458486e-07","1.64142063e-06","0.00923891426","0.0115194407","0.000635444284","0.0121548849","10035.9898","10042.3671"
"-0.00458523987","-0.00244233567","0.0129058761","0.00466797533","0.000329283327","-0.000101348277","0.387296159","-0.00458523987","-0.00242087291","0.012997215","6.42505823e-05","0.000329283327","0.00970310962","0.387296159","0.0107742109","0.39807037","5812.0742","5874.71534"
"-0.00266603776","-0.0105221819","0.00104530486","0.0214137641","0.000355086336","-9.01567177e-05","0.0854513331","-0.00266603776","-0.0102495769","0.00105927481","8.04750072e-05","0.000355086336","0.00982025241","0.0854513331","0.00953577885","0.0949871119","2499.67303","2523.51783"
"0.000477742472","0.000294994659","0.000636931194","-0.000430544185","4.99583055e-06","-1.06828091e-06","0.00844343901","0.000477742472","0.000295141782","0.000636439394","1.2883379e-06","4.99583055e-06","0.00109224939","0.00844343901","0.00098305169","0.0094264907","14491.9296","14506.176"
"-0.000248204411","-0.000120775341","0.000990412206","0.000345934231","2.98035698e-05","-2.19328046e-05","0.0568755971","-0.000248204411","-0.000120638249","0.000990777783","3.22388298e-06","2.98035698e-05","0.0231986658","0.0568755971","0.000975237449","0.0578508345","4082.92105","4086.90299"
"-0.00446636001","-0.00333997598","0.00576126977","0.00977251202","0.000580498861","-0.0006312787","0.270714709","-0.00446636001","-0.00324556726","0.00580659802","0.000153644631","0.000580498861","0.0889605178","0.270714709","0.00767666597","0.278391375","3981.30702","4011.88793"
"0.00183043771","0.00123080495","0.00437717664","-0.00127347762","2.4532555e-05","0","-0.000195922003","0.00183043771","0.00123013359","0.00436381794","3.74119111e-06","2.4532555e-05","0","-0.000195922003","0.00618947423","0.00599355223","39439.7501","39683.8674"
"0.000762103843","0.000288765002","0.00137113133","-0.00050485312","1.54253972e-05","-3.10428553e-05","0.0623688644","0.000762103843","0.000288983554","0.00136969197","8.82376623e-06","1.54253972e-05","0.016458717","0.0623688644","0.0019015296","0.064270394","4370.75957","4379.07082"
"0.00297581167","0.0024607478","0.00387506355","-0.00694105545","0.00100137322","-2.53195434e-05","0.564736668","0.00297581167","0.00250959273","0.00385411045","0.000130057742","0.00100137322","0.0107961047","0.564736668","0.00334662125","0.56808329","1960.66983","1967.23803"
"0.00700964683","0.00461432508","0.0215218287","-0.00999723292","0.000142953212","-0.00423284735","0.880941326","0.00700964683","0.00471628238","0.0212745341","3.95136205e-05","0.000142953212","0.22377405","0.880941326","0.0190586736","0.9","6907.50509","7039.1718"
"0.00346364713","0.0026745852","0.00773692225","-0.00772926256","0.000922114726","0","0.474615076","0.00346364713","0.00273471409","0.00768972096","6.29215396e-05","0.000922114726","0","0.474615076","0.00706800675","0.481683083","3750.32977","3776.8616"
"0.00130975638","0.000683412683","0.00753666501","-0.00129034268","3.0178465e-06","-0.00116250708","0.400658256","0.00130975638","0.000685098542","0.00752167304","6.96501117e-07","3.0178465e-06","0.164265884","0.400658256","0.00708000215","0.407738258","3477.34853","3501.96824"
"-0.0225005266","-0.0429574726","0.0154911769","0.108749513","0.00925794222","-0.00131405998","0.673978454","-0.0225005266","-0.0348967543","0.0165762233","0.0057657383","0.00925794222","0.0228656916","0.673978454","0.0667265728","0.740705026","3224.50298","3441.67357"
"-0.0288916646","-0.0194950798","0.0245601644","0.0466712034","0.00554460764","-5.66331309e-05","0.871667402","-0.0288916646","-0.0175170147","0.0258089768","0.00386162733","0.00554460764","0.00248521832","0.871667402","0.0283325979","0.9","6580.2855","6767.76156"
"0.0154752758","0.0584485972","0.0122469276","-0.0938272299","0.000346231309","-0.000707828812","0.0255985298","0.0154752758","0.0652785131","0.0114039066","7.95567932e-05","0.000346231309","0.0285940165","0.0255985298","-0.00801802682","0.0175805029","17964.5874","17820.497"
"0.00172373453","0.00377040255","0.00611967205","-0.00588001913","6.58495674e-06","-0.00103619687","0.0196288847","0.00172373453","0.00380410543","0.00608623345","3.66565358e-06","6.58495674e-06","0.00806437167","0.0196288847","0.0047041781","0.0243330628","21473.2377","21574.2523"
"0.0162024097","0.0389707641","0.00452261073","-0.0515577061","4.90792061e-05","-0.00325796538","0.0235088583","0.0162024097","0.0417554406","0.00428613127","7.74657301e-06","4.90792061e-05","0.0237314027","0.0235088583","0.00492919227","0.0284380506","29163.4161","29307.1753"
"0.00114010489","0.000564611252","0.000821131293","-0.00133506008","1.66855498e-05","-3.02541407e-05","0.0535353452","0.00114010489","0.000566655458","0.00081973388","5.33880737e-06","1.66855498e-05","0.0260691727","0.0535353452","0.00117721876","0.0547125639","4032.3083","4037.05529"
"-0.00083729132","-0.000594032068","0.00244102546","0.0012504163","6.44052178e-05","-2.04412372e-05","0.0183550079","-0.00083729132","-0.000592428584","0.00244452437","1.61986615e-05","6.44052178e-05","0.00912686783","0.0183550079","0.00230408235","0.0206590903","17081.0501","17120.4088"
"0.00208487767","0.0148761976","0.000334482286","-0.0240403433","1.83503361e-05","0","0.0333044744","0.00208487767","0.0151401948","0.000328903725","1.72535788e-06","1.83503361e-05","0","0.0333044744","-0.00672643542","0.026578039","2040.059","2026.33642"
"0.0050340439","0.00217204426","0.00221768693","-0.00590918932","9.20935903e-05","-0.000285907503","0.33092437","0.0050340439","0.00221358211","0.00220182041","1.8814188e-05","9.20935903e-05","0.0885524913","0.33092437","0.00332077184","0.334245141","1617.0256","1622.39586"
"-4.0644134e-05","-2.56136573e-05","0.00121293343","4.91796973e-05","2.53283144e-06","-9.02683894e-06","0.0159431491","-4.0644134e-05","-2.56111627e-05","0.00121301381","4.35598314e-07","2.53283144e-06","0.00760584949","0.0159431491","0.00118936133","0.0171325105","12634.018","12649.0445"
"0.000507590338","0.000294471171","0.000220408467","-0.000617590741","6.01718162e-07","-7.20792218e-05","0.0459825728","0.000507590338","0.000294885889","0.000220231828","1.15859425e-07","6.01718162e-07","0.216584192","0.0459825728","0.000333401731","0.0463159745","1684.33442","1684.89598"
"-0.00030603609","-0.000171304285","0.000406581942","0.000347657411","2.23031849e-06","-4.94699979e-07","0.00836546359","-0.00030603609","-0.000171174013","0.000406776112","3.20832049e-07","2.23031849e-06","0.00178976962","0.00836546359","0.000278634596","0.00864409819","7623.4827","7625.60687"
"-0.0463438694","-0.0277404753","0.0267918399","0.0632123829","0.00984364266","-0.00253175677","0.876768236","-0.0463438694","-0.0237509728","0.028935508","0.00402417372","0.00984364266","0.189104707","0.876768236","0.023231764","0.9","12975.9699","13280.4214"
"-0.0453193677","-0.0341962497","0.0185788814","0.0730813171","0.0170222118","-5.36183411e-05","0.044959127","-0.0453193677","-0.0287832355","0.0201838095","0.00342389016","0.0170222118","0.00443457993","0.044959127","0.0291131746","0.0740723016","31825.6729","32768.2642"
"-0.00649016091","-0.00313260417","0.00909613529","0.00675114703","0.000203445327","-0.000212047224","0.131526235","-0.00649016091","-0.0030835338","0.00918451573","6.85385847e-05","0.000203445327","0.0352679055","0.131526235","0.00621591534","0.13774215","9888.63264","9950.11205"
"-0.000763254996","-0.000440082013","0.00698691348","0.000947707555","1.09264351e-06","-7.15874085e-05","0.0483753353","-0.000763254996","-0.000439111417","0.00699533122","1.03160428e-07","1.09264351e-06","0.00362760333","0.0483753353","0.00666078926","0.0550361246","13133.1421","13220.6193"
"0.00125533935","0.00347653951","0.000763266498","-0.00759825062","0.000156950308","1.64144362e-05","0.0841178374","0.00125533935","0.0035154523","0.000759671823","3.40225972e-05","0.000156950308","0.00786625213","0.0841178374","-0.00192974052","0.0821880968","1980.3168","1976.4947"
"-0.00175273291","-0.00149577456","0.00132579692","0.00425187882","0.00017928516","-5.75906379e-05","0.088479855","-0.00175273291","-0.00147816794","0.00133011782","1.513951e-05","0.00017928516","0.025352705","0.088479855","0.0024508628","0.0909307178","3094.74414","3102.33029"
"0.00474471332","0.00397484356","0.00532307645","-0.00650717879","0.000207200764","-0.000250241723","0.157248424","0.00474471332","0.00401760667","0.0052770628","6.57286268e-05","0.000207200764","0.0343492674","0.157248424","0.00749241357","0.164740837","6045.99528","6091.30376"
"0.00376814351","0.00399478884","0.00810057541","-0.00723036067","0.000203641924","-3.11671422e-05","0.0766972329","0.00376814351","0.00404634066","0.0080381756","4.63849808e-05","0.000203641924","0.00362325213","0.0766972329","0.00880562187","0.0855028548","14749.68","14879.5866"
"0.0232099317","0.0296093738","0.00107736575","-0.0387986883","4.44778428e-06","-0.000173968089","-0.000384315955","0.0232099317","0.0309688357","0.00102331497","-8.44857742e-06","4.44778428e-06","0.000827872768","-0.000384315955","0.0149284626","0.0145441466","53555.08","54354.5786"
"-0.00186920811","-0.00116090468","0.00138240641","0.00257848289","5.1613858e-05","-2.34863913e-05","0.019824738","-0.00186920811","-0.00115375799","0.00138660799","1.53895019e-05","5.1613858e-05","0.0258863076","0.019824738","0.000958903986","0.020783642","10286.2667","10296.1308"
"-0.0592521011","-0.0282564045","0.0233320353","0.055596718","0.0109099596","0.000486263238","0.897183529","-0.0592521011","-0.0255220941","0.0255695921","0.00484505666","0.0109099596","0.060080793","0.897183529","0.00281647055","0.9","8431.25531","8455.26362"
"0.00339047226","0.00249569243","0.00347096401","-0.00378347416","9.37246003e-05","-2.72333567e-06","0.0322098143","0.00339047226","0.00250903975","0.00345065289","3.1895186e-05","9.37246003e-05","0.000488847478","0.0322098143","0.0056646558","0.0378744701","18203.6118","18306.7386"
"0.00114833644","0.000559557592","0.00448573897","-0.00136190244","0.000212575165","-0.000152162435","0.267933644","0.00114833644","0.000561847295","0.00447809087","5.24106434e-05","0.000212575165","0.0325163414","0.267933644","0.00489214329","0.272825787","4884.87319","4908.77577"
"0.00165109027","0.00199536395","0.00341921459","-0.00460711685","0.000534831914","-5.59952113e-05","0.0706693782","0.00165109027","0.00201496537","0.00340679188","0.000146493906","0.000534831914","0.0233065093","0.0706693782","0.00293738867","0.0736067669","7561.42395","7583.64668"
"0.000326860868","0.000184276521","0.0279283382","0.00254278001","0.00576903415","-0.00572178221","0.868970492","0.000326860868","0.000184471621","0.0279140703","0.00289287023","0.00576903415","0.226511282","0.868970492","0.0310295075","0.9","10357.2261","10680.4705"
"0.00014236685","5.47124853e-05","0.00138520703","-0.000100148242","3.41417208e-07","-4.40625099e-05","0.031847499","0.00014236685","5.47214366e-05","0.00138493409","8.60425148e-08","3.41417208e-07","0.0306399117","0.031847499","0.00143841703","0.033285916","7477.54852","7488.30436"
"-0.0174987018","-0.00953365344","0.00273073723","0.0268146289","0.000681725113","-1.11145674e-05","0.0330290854","-0.0174987018","-0.00870660923","0.00280660641","0.000197806477","0.000681725113","0.00444245731","0.0330290854","0.00318362138","0.0362127068","9214.90915","9244.26594"
"0.00407233041","0.00301591886","0.00221670879","-0.00874747384","0.000579754537","-1.4116767e-05","0.288674151","0.00407233041","0.00309423469","0.00220110679","4.29926671e-05","0.000579754537","0.0259801486","0.288674151","0.00112312198","0.289797273","1673.36654","1675.24702"
"0.00471647987","0.00250587248","0.00147186079","-0.00732461475","0.000153894668","-6.65043276e-06","0.197530301","0.00471647987","0.00256644881","0.00146130672","8.77349033e-06","0.000153894668","0.00487944728","0.197530301","0.00151684264","0.199047144","1912.17257","1915.07348"
"0.00449192246","0.00250827538","0.00464392342","-0.00723814399","0.00186624859","-0.000545340737","0.475353424","0.00449192246","0.00256864603","0.00461164102","0.000159349306","0.00186624859","0.14125669","0.475353424","0.00572688512","0.48108031","2423.98891","2437.89677"
