"HumCap","TecExt","DiaExt","FisExt","MktExt","RemEff","NatEff","HumCap2","TecExt2","DiaExt2","FisExt2","MktExt2","RemEff2","NatEff2","NIR6_NMb","NIR7_NMb","ynomig_b","ywd"
"0.0287943379","0.00552020163","0.00674048522","-0.000952145598","-0.00225061717","0.00893841709","0.306727243","0.0287943379","0.00586237119","0.00651686209","-0.000952145598","-0.00225061717","0.00893841709","0.306727243","0.0467906791","0.353517922","2166.5039","2236.72441"
"0.0252503466","0.0117350376","0.00892315995","-0.00134846875","-0.00307024146","0.000810479882","0.112275206","0.0252503466","0.0129871909","0.00860490426","-0.00134846875","-0.00307024146","0.000810479882","0.112275206","0.0423003139","0.15457552","5280.90576","5332.58078"
"-0.00452306713","-0.0016304688","0.0437529881","-0.015175616","-0.0284327227","0.152740638","0.548346138","-0.00452306713","-0.0016114941","0.0440238907","-0.015175616","-0.0284327227","0.152740638","0.548346138","0.146731752","0.69507789","5931.10959","6794.52399"
"3.90652513e-05","1.21692807e-05","0.000420547727","-2.10553598e-05","-0.000132253725","0","0.0117875354","3.90652513e-05","1.21699429e-05","0.000420526181","-2.10553598e-05","-0.000132253725","0","0.0117875354","0.000318473174","0.0121060085","4354.0916","4355.38819"
"0.00255239285","0.00122020853","0.0067973489","-0.00144167629","-0.00234795659","0.00164116893","0.0202373752","0.00255239285","0.00122796258","0.00677180159","-0.00144167629","-0.00234795659","0.00164116893","0.0202373752","0.00842148632","0.0286588615","16960.6552","17065.0702"
"-0.00124073523","-0.000345834842","0.0153618758","-0.00252272881","-0.00611491191","0.057882642","0.0319535503","-0.00124073523","-0.000345457537","0.0153862872","-0.00252272881","-0.00611491191","0.057882642","0.0319535503","0.063020307","0.0949738574","16721.3639","17777.1982"
"0.0183407878","0.0211989889","0.0062715628","-0.000352566921","-0.0020679176","0.00400614341","0.00976253665","0.0183407878","0.0226992579","0.00603301859","-0.000352566921","-0.0020679176","0.00400614341","0.00976253665","0.0473969984","0.0571595351","26257.1466","26760.2166"
"0.00516561598","0.00706562452","0.012357924","-0.00288574103","-0.00461127733","0.0174360906","0.000379331278","0.00516561598","0.00725278657","0.0122085977","-0.00288574103","-0.00461127733","0.0174360906","0.000379331278","0.0345282367","0.034907568","22101.2006","22634.0063"
"-0.000823520644","-0.000228206702","0.0037952306","-0.000416940051","-0.00125807842","0.0238162748","-0.00497864891","-0.000823520644","-0.00022792775","0.00379922635","-0.000416940051","-0.00125807842","0.0238162748","-0.00497864891","0.0248847596","0.0199061107","11173.3962","11455.7661"
"0.0162088576","0.0193478047","0.00217969615","-0.000596348198","-0.000679143882","0.00902832738","0.191067844","0.0162088576","0.0209815692","0.00210485455","-0.000596348198","-0.000679143882","0.00902832738","0.191067844","0.0454891938","0.236557038","1121.48807","1122.20621"
"0.00666022134","0.00801176733","0.0118914449","-0.00317880949","-0.00439225108","0.0521793666","-0.0399839498","0.00666022134","0.00822203084","0.0117194966","-0.00317880949","-0.00439225108","0.0521793666","-0.0399839498","0.0711717397","0.0311877898","25318.6567","26847.7992"
"0.010763096","0.0097290073","0.00200867899","-0.000275193166","-0.000633776202","0.0145311649","0.0516127536","0.010763096","0.010256723","0.00196834349","-0.000275193166","-0.000633776202","0.0145311649","0.0516127536","0.0361229778","0.0877357314","3208.08145","3247.20653"
"0.00382931725","0.00516153883","0.000988801342","-0.000132485898","-0.000310829973","0.00994962314","0.0199515069","0.00382931725","0.00526654431","0.000979990389","-0.000132485898","-0.000310829973","0.00994962314","0.0199515069","0.0194859647","0.0394374716","2864.13996","2887.05665"
"0.0100135291","0.00221414035","0.00197313447","-0.000147005339","-0.000627461888","0.0702191112","0.0274145032","0.0100135291","0.00226596575","0.00194929909","-0.000147005339","-0.000627461888","0.0702191112","0.0274145032","0.0836454478","0.111059951","2255.74889","2431.89747"
"-0.00105465787","-0.00119899673","0.0220847964","-0.00519640584","-0.00982115103","0.0271146613","0.0328793776","-0.00105465787","-0.00119360377","0.0221346804","-0.00519640584","-0.00982115103","0.0271146613","0.0328793776","0.0319282463","0.0648076239","11812.6822","12205.4524"
"0.000482563428","0.000149365993","0.002449252","-0.000246241617","-0.000793913606","0","0.0549799928","0.000482563428","0.000149449495","0.00244770522","-0.000246241617","-0.000793913606","0","0.0549799928","0.0020410262","0.057021019","5365.57006","5375.22659"
"-0.0103945546","-0.00356454455","0.0251300172","-0.0037540571","-0.0119559015","0","0.165914227","-0.0103945546","-0.00348962775","0.0254857757","-0.0037540571","-0.0119559015","0","0.165914227","-0.00453904048","0.161375186","20062.4489","20107.7118"
"-0.00426762321","-0.00139092574","0.0343203778","-0.0138991217","-0.0188757823","0.0937973126","0.311375556","-0.00426762321","-0.00137691084","0.0345156865","-0.0138991217","-0.0188757823","0.0937973126","0.311375556","0.0896842375","0.401059793","7956.76644","8677.36844"
"0.00496944105","0.00282293212","0.00826110131","-0.00189062327","-0.00290615304","0.00690506672","0.0352524564","0.00496944105","0.00285621293","0.00819722547","-0.00189062327","-0.00290615304","0.00690506672","0.0352524564","0.0181617649","0.0534142213","10205.0432","10343.7225"
"-0.0302369139","-0.00908914433","0.0386130975","-0.0268199802","-0.024262585","0.0624647855","0.889330741","-0.0302369139","-0.00854510628","0.0401937596","-0.0268199802","-0.024262585","0.0624647855","0.889330741","0.0106692595","0.9","9201.08655","9457.66684"
"-0.00726585648","-0.00420968848","0.0124762074","-0.00487851489","-0.00479847958","0.041782433","0.0997038097","-0.00726585648","-0.00413125114","0.0126210407","-0.00487851489","-0.00479847958","0.041782433","0.0997038097","0.033106101","0.132809911","6272.31078","6522.12908"
"-0.00340225736","-0.000531550718","0.00228311101","-0.000513983296","-0.000741686649","0.00283175466","0.0103456681","-0.00340225736","-0.000529289279","0.0022921278","-0.000513983296","-0.000741686649","0.00283175466","0.0103456681","-7.46123503e-05","0.0102710558","10353.5247","10364.9826"
"-0.029279245","-0.0102109823","0.0441373489","-0.0329478113","-0.03071387","0.0360374037","0.287948413","-0.029279245","-0.00964048497","0.045952004","-0.0329478113","-0.03071387","0.0360374037","0.287948413","-0.022977156","0.264971257","18392.5651","18308.3903"
"0.00218162656","0.000881307142","0.00759971968","-0.000834646945","-0.00266014296","0","-0.00292097424","0.00218162656","0.000885323041","0.00757651332","-0.000834646945","-0.00266014296","0","-0.00292097424","0.00716786348","0.00424688924","37876.7374","38087.1767"
"0.0123727696","0.00296418276","0.00443683526","-0.000807079655","-0.00145978939","0.00398117953","0.0671482601","0.0123727696","0.0030808068","0.00436981561","-0.000807079655","-0.00145978939","0.00398117953","0.0671482601","0.0214880981","0.0886363582","6204.31777","6285.24549"
"-0.00211722026","-0.000550607189","0.00115585941","-0.000457561964","-0.000368593175","0.00322573149","0.0517672996","-0.00211722026","-0.000546503754","0.00115895129","-0.000457561964","-0.000368593175","0.00322573149","0.0517672996","0.000887608315","0.0526549079","2735.45962","2742.20226"
"0.0149027347","0.022205728","0.00260856723","-0.000112805088","-0.000816658219","0","0.189493733","0.0149027347","0.0239804341","0.00251523088","-0.000112805088","-0.000816658219","0","0.189493733","0.0387875665","0.228281299","1293.91137","1280.91977"
"0.00352828498","0.00593602201","0.0112051864","-0.0017573631","-0.00411944781","0.00168977539","0.0409004319","0.00352828498","0.00600331177","0.0111001313","-0.0017573631","-0.00411944781","0.00168977539","0.0409004319","0.0164824579","0.0573828898","24947.2326","25205.3708"
"0.0254094196","0.0143951696","0.0172956292","-0.00353378043","-0.00674512991","0.0141168963","-0.00302091812","0.0254094196","0.0151516257","0.016633538","-0.00353378043","-0.00674512991","0.0141168963","-0.00302091812","0.0609382044","0.0579172862","24430.8849","25375.1847"
"0.00595666048","0.00211590272","0.00655853968","-0.00107250557","-0.0022464938","0.000317761739","0.0127374455","0.00595666048","0.00213889626","0.00650601943","-0.00107250557","-0.0022464938","0.000317761739","0.0127374455","0.0116298652","0.0243673108","20788.7166","20950.6383"
"0.00144550876","0.00239168666","0.00108683414","-8.01509362e-05","-0.000343936793","0.00622332996","0.00500489145","0.00144550876","0.00240975231","0.00108267969","-8.01509362e-05","-0.000343936793","0.00622332996","0.00500489145","0.0107232718","0.0157281632","10251.2304","10321.0556"
"0.0174451481","0.00485455894","0.00455953467","-0.000809031128","-0.00149201654","0.0164615157","0.166634719","0.0174451481","0.00518829438","0.00446007628","-0.000809031128","-0.00149201654","0.0164615157","0.166634719","0.0410197097","0.207654429","2528.83998","2594.84119"
"0.0250144945","0.00859551886","0.00529090951","-0.000620797195","-0.00172990518","0.00794342267","0.183602376","0.0250144945","0.00955229924","0.00511886441","-0.000620797195","-0.00172990518","0.00794342267","0.183602376","0.0444936432","0.228096019","3199.19987","3255.95917"
"0.0110728855","0.00260338486","0.0040739571","-0.000980777595","-0.00133535833","0.00537467318","0.235647043","0.0110728855","0.00269882502","0.00401899228","-0.000980777595","-0.00133535833","0.00537467318","0.235647043","0.0208087647","0.256455808","1879.41826","1904.20922"
"-0.0026787532","-0.000527015411","0.00979884974","-0.00211576099","-0.00357573273","0.0165323477","0.0634686799","-0.0026787532","-0.000526313226","0.00983036361","-0.00211576099","-0.00357573273","0.0165323477","0.0634686799","0.0174339352","0.080902615","11150.6793","11353.8051"
"0.0518467684","0.0137265076","0.0231551265","-0.00554578098","-0.00957750186","0.309778761","0.516616119","0.0518467684","0.0167301504","0.0217302058","-0.00554578098","-0.00957750186","0.309778761","0.516616119","0.383383881","0.9","1234.28374","1645.43987"
"0.0431979952","0.0250271072","0.0525994751","-0.0375451978","-0.0349096398","0.141673037","0.709957223","0.0431979952","0.0296729399","0.0492400665","-0.0375451978","-0.0349096398","0.141673037","0.709957223","0.190042777","0.9","5244.18495","5844.46455"
"0.000901499116","0.000307165956","0.00864429765","-0.00260128702","-0.00308197338","0.0174270322","0.0688825148","0.000901499116","0.000307598117","0.00863386221","-0.00260128702","-0.00308197338","0.0174270322","0.0688825148","0.0215967345","0.0904792493","12299.6017","12557.6704"
"0.102525812","0.0301472087","0.0299026009","-0.026776989","-0.0125759218","0","0.776777289","0.102525812","0.0380147786","0.0264000293","-0.026776989","-0.0125759218","0","0.776777289","0.123222711","0.9","3732.2502","3888.84502"
"0.00665208425","0.00276110038","0.030268138","-0.0147303331","-0.0151754452","0.0514543636","0.0309409189","0.00665208425","0.0027762369","0.0299858754","-0.0147303331","-0.0151754452","0.0514543636","0.0309409189","0.0612299079","0.0921708267","19280.8106","20364.5218"
"0.0117319414","0.0292353205","0.00969193854","-0.00152598292","-0.00335902905","0.0108358255","0.0220939385","0.0117319414","0.0320621855","0.00931051235","-0.00152598292","-0.00335902905","0.0108358255","0.0220939385","0.0566100139","0.0787039524","13531.0189","13673.302"
"0.00606037126","0.00819903323","0.0124390669","-0.00252084229","-0.00463637417","0.00897455869","0.0220698803","0.00606037126","0.00843876638","0.0122641869","-0.00252084229","-0.00463637417","0.00897455869","0.0220698803","0.0285158136","0.0505856939","22008.9012","22386.0539"
"0.0226494489","0.0158206999","0.00499594664","-0.000960975465","-0.00161810151","0.0356917354","0.179790301","0.0226494489","0.0174150911","0.00481087169","-0.000960975465","-0.00161810151","0.0356917354","0.179790301","0.0765787539","0.256369055","2344.70862","2430.77722"
"0.0157005749","0.0133186605","0.0113076464","-0.00431683687","-0.00407092793","0.00998875927","0.00463392443","0.0157005749","0.013990812","0.010988761","-0.00431683687","-0.00407092793","0.00998875927","0.00463392443","0.0419278763","0.0465618007","28071.1949","28686.1174"
"0.00360552388","0.00174102975","0.0289195158","-0.00401168164","-0.0142599621","0.0986020009","0.539349405","0.00360552388","0.00175544802","0.0287657183","-0.00401168164","-0.0142599621","0.0986020009","0.539349405","0.114596427","0.653945832","7981.28913","8857.86414"
"0.0367448857","0.00838533106","0.017707199","-0.00391900995","-0.006904933","0.00160892431","0.265759801","0.0367448857","0.00893760107","0.0169425768","-0.00391900995","-0.006904933","0.00160892431","0.265759801","0.0536223971","0.319382198","5667.0259","5860.92488"
"0.00564491067","0.00202334445","0.0207510887","-0.00520773899","-0.00890800103","0.0516630536","0.291508737","0.00564491067","0.00204046633","0.020593175","-0.00520773899","-0.00890800103","0.0516630536","0.291508737","0.0659666575","0.357475394","7046.54576","7482.77922"
"0.023597557","0.00669458337","0.00320902386","-0.000447611686","-0.00102061247","0.0444918576","0.0173867786","0.023597557","0.00696147298","0.00311467373","-0.000447611686","-0.00102061247","0.0444918576","0.0173867786","0.0765247977","0.0939115762","7529.29285","8006.121"
"0.037723225","0.0195377164","0.0106387039","-0.00132081652","-0.00367360208","0","0.837094773","0.037723225","0.0231169484","0.0100625148","-0.00132081652","-0.00367360208","0","0.837094773","0.0629052268","0.9","1144.02698","1150.04427"
"0.00615779168","0.00519093267","0.00539405775","-0.000571446807","-0.00180844521","0.0116829024","-1.34306456e-05","0.00615779168","0.00529662356","0.005333529","-0.000571446807","-0.00180844521","0.0116829024","-1.34306456e-05","0.0260457925","0.0260323618","19475.4992","19828.595"
"0.00806988134","0.0044709271","0.0145318455","-0.0038534449","-0.00560970535","0.0181468893","0.00273847413","0.00806988134","0.00451875285","0.0143518616","-0.0038534449","-0.00560970535","0.0181468893","0.00273847413","0.035756393","0.0384948671","21530.4847","22171.8454"
"0.015113295","0.00633240305","0.00260185464","-0.000429671555","-0.000827451832","0.00649358997","0.136856775","0.015113295","0.0067744649","0.00254722756","-0.000429671555","-0.000827451832","0.00649358997","0.136856775","0.0292840192","0.166140794","2279.89647","2304.0094"
"-0.0105861717","-0.00625591909","0.0147325387","-0.00508581775","-0.00591703344","0.00800685035","-0.0185667227","-0.0105861717","-0.00619567586","0.014984916","-0.00508581775","-0.00591703344","0.00800685035","-0.0185667227","-0.00510555296","-0.0236722756","28168.4335","28221.7441"
"0.179470443","0.0341990771","0.0515560978","-0.0199555924","-0.026695293","0.087523714","0.593901553","0.179470443","0.0451458204","0.0424795193","-0.0199555924","-0.026695293","0.087523714","0.593901553","0.306098447","0.9","4809.82366","5779.89011"
"0.00857976312","0.00678884294","0.00780195496","-0.00117461165","-0.00270236295","0.0172669254","-0.00610549659","0.00857976312","0.00695843439","0.00768386467","-0.00117461165","-0.00270236295","0.0172669254","-0.00610549659","0.0365605118","0.0304550152","25263.9128","25936.3848"
"-0.00503530328","-0.00120216067","0.0430272975","-0.0634246833","-0.0276056787","0.0542043278","0.900036201","-0.00503530328","-0.00119507422","0.0432973633","-0.0634246833","-0.0276056787","0.0542043278","0.900036201","-3.6200607e-05","0.9","8766.70199","8764.53226"
"0.0405143279","0.0203522909","0.00657085638","-0.00082297169","-0.00212835573","0.0042534771","0.0985812703","0.0405143279","0.0233343847","0.00619385723","-0.00082297169","-0.00212835573","0.0042534771","0.0985812703","0.0687396249","0.167320895","7542.53727","7678.18793"
"0.0332631665","0.0196675386","0.0171147808","-0.00434899254","-0.00655108694","0.00424987811","0.029049833","0.0332631665","0.020950277","0.0162544227","-0.00434899254","-0.00655108694","0.00424987811","0.029049833","0.0633952845","0.0924451175","23409.3172","24213.276"
"-0.00804227067","-0.00420738307","0.0130092423","-0.00211452813","-0.0050515176","0.0656981146","0.0386169807","-0.00804227067","-0.00420259472","0.0131705773","-0.00211452813","-0.0050515176","0.0656981146","0.0386169807","0.0592916574","0.0979086381","6924.89179","7362.70225"
"0.0395348011","0.0156090915","0.00792690324","-0.00168400732","-0.00263508202","0.0254633602","0.242816821","0.0395348011","0.0177769451","0.00751262771","-0.00168400732","-0.00263508202","0.0254633602","0.242816821","0.0842150667","0.327031888","3787.67343","3950.27888"
"0.0182805321","0.00766157492","0.00376718076","-0.000380341933","-0.00121354631","0.0099352458","0.228941348","0.0182805321","0.00831254712","0.00367192333","-0.000380341933","-0.00121354631","0.0099352458","0.228941348","0.0380506453","0.266991993","1547.21199","1570.76204"
"0.0356147846","0.0103318324","0.0147256581","-0.00176496326","-0.005478916","0.0543362378","0.737926695","0.0356147846","0.011805226","0.0140787855","-0.00176496326","-0.005478916","0.0543362378","0.737926695","0.107764634","0.845691329","2362.91523","2539.76872"
"0.0227042654","0.02855679","0.0137188256","-0.00117657616","-0.00499558305","0.054806879","0.573938996","0.0227042654","0.0320641116","0.0130498752","-0.00117657616","-0.00499558305","0.054806879","0.573938996","0.113614601","0.687553597","1450.02451","1516.52302"
"-0.0107415086","-0.004368455","0.0130311027","-0.00145584361","-0.00507960454","0","-0.0312533958","-0.0107415086","-0.00420895956","0.0132310229","-0.00145584361","-0.00507960454","0","-0.0312533958","-0.00861430912","-0.0398677049","34875.1688","34943.0443"
"0.00229475629","0.00256490683","0.0157121907","-0.00283884168","-0.00623932323","0.0103783558","0.044582614","0.00229475629","0.00259016797","0.0156362041","-0.00283884168","-0.00623932323","0.0103783558","0.044582614","0.0218720448","0.0664546588","15801.9619","16083.918"
"-0.0585558806","-0.0174050896","0.0528197805","-0.0356880949","-0.0468095465","0.0569868859","0.948651945","-0.0585558806","-0.0157094296","0.0571618501","-0.0356880949","-0.0468095465","0.0569868859","0.948651945","-0.0486519453","0.9","10033.6524","9874.21441"
"-0.00596857633","-0.00113868502","0.0229504466","-0.00380503402","-0.010423752","0.0764787923","0.223454119","-0.00596857633","-0.00111761438","0.0231147291","-0.00380503402","-0.010423752","0.0764787923","0.223454119","0.0780931915","0.301547311","10844.4722","11718.8906"
"0.146231041","0.025783251","0.0681042501","-0.0465464156","-0.0484213608","0.246376869","0.508472365","0.146231041","0.034291297","0.0581087198","-0.0465464156","-0.0484213608","0.246376869","0.508472365","0.391527635","0.9","4311.53361","5555.19488"
"0.0262039639","0.00401325761","0.0259915508","-0.00970805367","-0.0117848788","0.170420562","0.694863598","0.0262039639","0.00433363185","0.0252291946","-0.00970805367","-0.0117848788","0.170420562","0.694863598","0.205136402","0.9","5073.10396","6031.90236"
"-0.000296784489","-8.30214242e-05","0.0266182305","-0.00789092292","-0.0127333835","0.0720235445","0.125277014","-0.000296784489","-8.29859309e-05","0.0266283441","-0.00789092292","-0.0127333835","0.0720235445","0.125277014","0.0776376627","0.202914677","9273.23823","9983.64082"
"0.0689306653","0.024152966","0.0287890603","-0.00486840952","-0.0125329631","0.23922001","0.556308671","0.0689306653","0.032316833","0.0263374727","-0.00486840952","-0.0125329631","0.23922001","0.556308671","0.343691329","0.9","1470.45296","1846.79674"
"0.0132948198","0.0133687029","0.0118583978","-0.00251952869","-0.00431727934","0.0252098774","0.0775521812","0.0132948198","0.0140820266","0.0115504228","-0.00251952869","-0.00431727934","0.0252098774","0.0775521812","0.0568949899","0.134447171","9469.39143","9794.6061"
"-0.000869817576","-0.000229217358","0.000756831068","-7.63441781e-05","-0.000239503383","0.00688329463","0.00046476737","-0.000869817576","-0.000228690211","0.000757663767","-7.63441781e-05","-0.000239503383","0.00688329463","0.00046476737","0.0062252432","0.00669001057","8129.48653","8184.63654"
"0.0148609573","0.0034323054","0.001685554","-0.000204880278","-0.000530434939","0.0168147495","0.0345901619","0.0148609573","0.00354472275","0.00165527364","-0.000204880278","-0.000530434939","0.0168147495","0.0345901619","0.036058251","0.0706484129","5644.59849","5801.76623"
"-0.00717434154","-0.00449705631","0.0344131706","-0.0168829768","-0.0191420236","0.00623688211","-0.0348482086","-0.00717434154","-0.00446709643","0.0348195635","-0.0168829768","-0.0191420236","0.00623688211","-0.0348482086","-0.00704634554","-0.0418945541","31340.4511","31265.3134"
"-0.00441651653","-0.00105702685","0.00527379479","-0.000780159008","-0.00179717849","0.00255585317","0.0401706419","-0.00441651653","-0.0010502783","0.00530282001","-0.000780159008","-0.00179717849","0.00255585317","0.0401706419","-0.000221232916","0.039949409","10890.078","10909.9914"
"0.0361212825","0.008787945","0.010741135","-0.00173360521","-0.00376569122","0.0066944514","0.537540208","0.0361212825","0.00917674251","0.010279491","-0.00173360521","-0.00376569122","0.0066944514","0.537540208","0.0568455175","0.594385725","2149.2808","2235.22841"
"0.0136678671","0.00575632265","0.0244411159","-0.0106928944","-0.0109675542","0.0274546177","0.0459582358","0.0136678671","0.00582381978","0.0239754129","-0.0106928944","-0.0109675542","0.0274546177","0.0459582358","0.0496594747","0.0956177106","23793.9929","24774.7716"
"0.0297421495","0.023851932","0.0121914148","-0.00165734147","-0.00432650022","0.0421709936","0.0234489052","0.0297421495","0.0255061444","0.0115712636","-0.00165734147","-0.00432650022","0.0421709936","0.0234489052","0.101972648","0.125421553","20951.5633","22423.9363"
"0.00519529183","0.00536611068","0.0119374201","-0.00210779922","-0.00443372522","0.00785712093","0.00943037576","0.00519529183","0.00547901374","0.0118126618","-0.00210779922","-0.00443372522","0.00785712093","0.00943037576","0.0238144191","0.0332447949","21367.1158","21679.8605"
"0.18306757","0.0318725415","0.0617099561","-0.045451974","-0.0370333931","0.27872372","0.42711158","0.18306757","0.0374740003","0.0507925909","-0.045451974","-0.0370333931","0.27872372","0.42711158","0.47288842","0.9","5308.7977","7298.84855"
"0.00256913494","0.000861645287","0.00782990807","-0.00170187915","-0.00274943124","0.100838944","-0.0240963957","0.00256913494","0.000863843734","0.00780313722","-0.00170187915","-0.00274943124","0.100838944","-0.0240963957","0.107648322","0.0835519261","12535.8133","13865.3793"
"0.0023152884","0.00166850332","0.00178721106","-0.000234117933","-0.00057152823","0.000744100769","0.00632117658","0.0023152884","0.0016755286","0.00178011944","-0.000234117933","-0.00057152823","0.000744100769","0.00632117658","0.00570945738","0.012030634","26938.4512","27037.2988"
"-0.00278608145","-0.000973187059","0.0181431552","-0.00291893699","-0.00757676711","0.00121000068","0.0149987411","-0.00278608145","-0.000970659277","0.0182116176","-0.00291893699","-0.00757676711","0.00121000068","0.0149987411","0.00509818331","0.0200969244","16852.3043","16960.243"
"0.0247493648","0.00865665365","0.00479132046","-0.00103459227","-0.00155523819","0.0203588616","0.189714017","0.0247493648","0.00961288807","0.00463643561","-0.00103459227","-0.00155523819","0.0203588616","0.189714017","0.0559663701","0.245680387","2741.75751","2821.60488"
"0.00882877137","0.00368654616","0.00108863911","-0.000247575829","-0.000341516351","0.108690643","-0.0611815289","0.00882877137","0.00376332773","0.00107518286","-0.000247575829","-0.000341516351","0.108690643","-0.0611815289","0.121705508","0.060523979","2972.37981","3313.1325"
"0.0201749157","0.0125549674","0.010453673","-0.000672608237","-0.00369894571","0.0139516617","0.248095399","0.0201749157","0.0137634126","0.0101223691","-0.000672608237","-0.00369894571","0.0139516617","0.248095399","0.0527636639","0.300859063","5080.72066","5175.32643"
"0.00378556619","0.00146657117","0.00716145628","-0.001202665","-0.00248367868","7.71726932e-05","0.0302587475","0.00378556619","0.00147599673","0.00712403984","-0.001202665","-0.00248367868","7.71726932e-05","0.0302587475","0.00880442266","0.0390631702","19429.5352","19552.6159"
"0.0453837282","0.0118763975","0.0219213942","-0.00210812233","-0.00898979193","0.00881146045","0.823104934","0.0453837282","0.0137914657","0.020734154","-0.00210812233","-0.00898979193","0.00881146045","0.823104934","0.0768950661","0.9","3673.43485","3819.79097"
"-0.00563167349","-0.00157262073","0.0268539381","-0.00304325795","-0.0130261489","0.350593611","0.0780961776","-0.00563167349","-0.00156321604","0.0270488057","-0.00304325795","-0.0130261489","0.350593611","0.0780961776","0.354173849","0.432270026","7957.02431","10759.0423"
"0.0239650535","0.0373062878","0.0116708906","-0.000985028722","-0.00407454858","0.100044066","0.73207328","0.0239650535","0.042193152","0.0109970845","-0.000985028722","-0.00407454858","0.100044066","0.73207328","0.16792672","0.9","1967.491","2133.74761"
"0.0336872753","0.0104211904","0.00812737381","-0.00076558334","-0.00274188048","0","0.171587018","0.0336872753","0.0112058278","0.0077840321","-0.00076558334","-0.00274188048","0","0.171587018","0.0487283757","0.220315393","5138.29489","5271.03662"
"-0.0214348787","-0.00463956362","0.0401042548","-0.014273528","-0.0252902734","0.0272835847","0.575392458","-0.0214348787","-0.00455557163","0.0411779468","-0.014273528","-0.0252902734","0.0272835847","0.575392458","0.00174959575","0.577142054","10708.205","10808.8584"
"-0.0134999365","-0.00294052672","0.010015401","-0.000775953965","-0.0037245844","0.0457820787","0.0402573888","-0.0134999365","-0.00285733509","0.0101828112","-0.000775953965","-0.0037245844","0.0457820787","0.0402573888","0.0348564781","0.0751138668","7503.82075","7815.95288"
"0.00209460267","0.000539350922","0.000304358516","-0.000178363615","-9.52990089e-05","0.215818276","-0.176845107","0.00209460267","0.000543346364","0.000303558955","-0.000178363615","-9.52990089e-05","0.215818276","-0.176845107","0.218482926","0.041637819","1125.31004","1369.39101"
"-0.0196422405","-0.0089664199","0.0215381863","-0.00734596673","-0.00984408984","0.0527650317","-0.0297363878","-0.0196422405","-0.0089119166","0.0221725121","-0.00734596673","-0.00984408984","0.0527650317","-0.0297363878","0.028504501","-0.00123188683","15674.8481","16269.2593"
"0.0300588885","0.0295709406","0.0199980889","-0.00278699107","-0.00793691887","0.0740808732","-0.0973941614","0.0300588885","0.03294851","0.0188727123","-0.00278699107","-0.00793691887","0.0740808732","-0.0973941614","0.142984881","0.0455907198","50599.5373","55505.4135"
"0.00418413522","0.00205772895","0.0170879495","-0.00396148304","-0.00692539873","0.0588524235","0.0194474662","0.00418413522","0.00206906291","0.0169819505","-0.00396148304","-0.00692539873","0.0588524235","0.0194474662","0.0712953554","0.0907428216","16210.9656","17312.7208"
"0.052532678","0.0145242889","0.0270851631","-0.00866193836","-0.0118872765","0.0713339857","0.332353319","0.052532678","0.0170699497","0.0253830526","-0.00866193836","-0.0118872765","0.0713339857","0.332353319","0.144926901","0.47728022","5802.51995","6384.83081"
"0.115224491","0.0434804602","0.0240569447","-0.00940005283","-0.00900594369","0.22218219","0.448530454","0.115224491","0.0560220271","0.0207619245","-0.00940005283","-0.00900594369","0.22218219","0.448530454","0.38653809","0.835068543","3445.51258","4414.52709"
"0.0235438815","0.0140638362","0.00421773284","-0.000398377831","-0.00135155313","0.0242025938","0.190116941","0.0235438815","0.0157161319","0.00406486263","-0.000398377831","-0.00135155313","0.0242025938","0.190116941","0.0642781135","0.254395054","1840.23625","1885.75384"
"-0.000595498708","-0.000371551329","0.00144069787","-0.000250365496","-0.00046062302","0.00163475098","-0.000209241829","-0.000595498708","-0.000370760345","0.00144209245","-0.000250365496","-0.00046062302","0.00163475098","-0.000209241829","0.0013974103","0.00118816847","19411.5025","19454.219"
"0.00735435774","0.00140973511","0.0281182951","-0.00935303121","-0.0136113781","0.0293133696","0.290443102","0.00735435774","0.00142093226","0.0278740048","-0.00935303121","-0.0136113781","0.0293133696","0.290443102","0.0432313482","0.33367445","13245.7518","13769.4465"
"-0.00108310195","-0.000425287096","0.0308800979","-0.00794530576","-0.0159041285","0.0554110571","0.54874693","-0.00108310195","-0.000424256054","0.0309267474","-0.00794530576","-0.0159041285","0.0554110571","0.54874693","0.0609333316","0.609680261","4602.82932","4881.55724"
"0.00634083824","0.0155346489","0.00465844173","-0.000639408927","-0.00152733629","0.0381122915","0.076905029","0.00634083824","0.0161037419","0.00455871756","-0.000639408927","-0.00152733629","0.0381122915","0.076905029","0.0624794752","0.139384504","3210.20744","3313.28764"
"0.00112323622","0.000348168149","0.0406816652","-0.026920762","-0.0247060322","0.0504792511","0.0770651803","0.00112323622","0.000348627935","0.040621894","-0.026920762","-0.0247060322","0.0504792511","0.0770651803","0.0410055264","0.118070707","18032.8565","18724.5492"
"0.0051312078","0.000990660514","0.00118186157","-4.02160359e-05","-0.000373681767","0.00084258679","0.0297806609","0.0051312078","0.000997848545","0.00117467039","-4.02160359e-05","-0.000373681767","0.00084258679","0.0297806609","0.00773241887","0.0375130798","5488.43062","5519.29513"
"0.016410755","0.00321952802","0.0032732675","-0.000589252303","-0.00105347329","0.10514512","0.163246619","0.016410755","0.00330461724","0.00321024939","-0.000589252303","-0.00105347329","0.10514512","0.163246619","0.126405945","0.289652564","1482.43844","1658.93363"
"0.00658110755","0.0203743385","0.0031786717","-0.000715364974","-0.00101394171","0.00290042165","0.0355786802","0.00658110755","0.021181073","0.00309523817","-0.000715364974","-0.00101394171","0.00290042165","0.0355786802","0.0313052327","0.0668839129","5145.76006","5112.62852"
"0.0111077656","0.00245800538","0.00499406207","-0.000492239519","-0.00166021523","0","0.167339295","0.0111077656","0.0025342931","0.00492722052","-0.000492239519","-0.00166021523","0","0.167339295","0.0164073783","0.183746673","2808.2231","2835.41984"
"-0.0359724102","-0.0259461591","0.0261741991","-0.00682658316","-0.0136313686","0.0142392824","-0.0339200271","-0.0359724102","-0.0223120825","0.0279018412","-0.00682658316","-0.0136313686","0.0142392824","-0.0339200271","-0.0419630396","-0.0758830667","21709.1321","21990.5017"
"0.00992676912","0.0114216902","0.00115441767","-0.000154180009","-0.000359320428","0.00221124182","0.0827676531","0.00992676912","0.0120214522","0.00113028776","-0.000154180009","-0.000359320428","0.00221124182","0.0827676531","0.0242006184","0.106968271","1568.68539","1564.67357"
"-0.00325377039","-0.000784481913","0.00498123461","-0.000999708502","-0.00168715391","0.00465386947","0.00582527449","-0.00325377039","-0.000782079514","0.00500143165","-0.000999708502","-0.00168715391","0.00465386947","0.00582527449","0.00290998937","0.00873526385","18920.1496","19000.1725"
"-0.00369424706","-0.000806096807","0.00204163467","-0.000748595461","-0.000661178556","0.00820831952","0.0185306798","-0.00369424706","-0.000797890858","0.00205086426","-0.000748595461","-0.000661178556","0.00820831952","0.0185306798","0.0043398363","0.0228705161","6202.25396","6242.50996"
"0.00495559922","0.0101658549","0.000578486487","-6.16095629e-05","-0.000179627655","0.0167942915","0.0311518294","0.00495559922","0.0104486125","0.000569869236","-6.16095629e-05","-0.000179627655","0.0167942915","0.0311518294","0.0322529948","0.0634048242","1388.72403","1405.00861"
"0.0174812462","0.00327699759","0.00242180618","-0.00031792199","-0.000768655607","0.088888735","0.0027632841","0.0174812462","0.00337963157","0.00237255608","-0.00031792199","-0.000768655607","0.088888735","0.0027632841","0.110982207","0.113745491","3854.33396","4251.70136"
"0.068298305","0.0196624465","0.0224994313","-0.00529864365","-0.00895854833","0.105691501","0.698105509","0.068298305","0.0231997259","0.0206803704","-0.00529864365","-0.00895854833","0.105691501","0.698105509","0.201894491","0.9","3230.21263","3713.3058"
"0.012534769","0.0112654916","0.0132299082","-0.00301817819","-0.0049367065","0.00504306765","0.00775863052","0.012534769","0.011727593","0.0129223529","-0.00301817819","-0.0049367065","0.00504306765","0.00775863052","0.0341183517","0.0418769823","26523.7512","26994.2984"
"0.0167467232","0.029810924","0.00971335597","-0.00233274976","-0.00334692806","0.00611149704","-0.000633959255","0.0167467232","0.033151375","0.00928124313","-0.00233274976","-0.00334692806","0.00611149704","-0.000633959255","0.0567028224","0.0560688631","34047.8061","34540.0553"
"0.0166915835","0.00547574788","0.00272125615","-0.000368110075","-0.000866336209","0.130195278","-0.0927885919","0.0166915835","0.00584288925","0.00266224136","-0.000368110075","-0.000866336209","0.130195278","-0.0927885919","0.15384942","0.0610608276","10750.8267","12230.7363"
"0.0348236504","0.0366323741","0.0311150312","-0.0136382443","-0.0144628686","0.00626099003","0.0534649204","0.0348236504","0.0410685489","0.0290399517","-0.0136382443","-0.0144628686","0.00626099003","0.0534649204","0.0807309328","0.134195853","19919.691","20496.4083"
"5.32992354e-05","1.67837717e-05","0.000349390883","-5.77897989e-05","-0.000109755879","0.00175059374","0.00977677843","5.32992354e-05","1.67850443e-05","0.000349366399","-5.77897989e-05","-0.000109755879","0.00175059374","0.00977677843","0.00200252196","0.0117793004","4078.6951","4086.7454"
"0.0244206299","0.0146323562","0.00404257763","-0.000346966132","-0.00129016038","0.0276543462","0.068136814","0.0244206299","0.0159220138","0.00389063666","-0.000346966132","-0.00129016038","0.0276543462","0.068136814","0.0691127834","0.137249597","5017.51591","5195.14625"
"-0.000646149816","-0.00018944755","0.0162583242","-0.00266299633","-0.00655999498","0.0174321871","0.218590885","-0.000646149816","-0.000189306173","0.016271921","-0.00266299633","-0.00655999498","0.0174321871","0.218590885","0.0236319226","0.242222807","11184.6804","11450.3077"
"0.0030078682","0.00113295138","0.012514634","-0.00165173261","-0.00472648652","0.0179684277","0.117993792","0.0030078682","0.00113758945","0.0124630269","-0.00165173261","-0.00472648652","0.0179684277","0.117993792","0.0282456622","0.146239454","9788.4571","10046.249"
"0.0957124675","0.0247524535","0.0170733267","-0.00187415705","-0.00604138956","0.0922148816","0.422067546","0.0957124675","0.0255112937","0.0152377164","-0.00187415705","-0.00604138956","0.0922148816","0.422067546","0.221837583","0.643905129","5720.23309","6774.38213"
"0.0128291276","0.00253313523","0.00299676924","-0.000247875599","-0.000964704105","0.000781682879","0.0933768775","0.0128291276","0.00255984627","0.00295142861","-0.000247875599","-0.000964704105","0.000781682879","0.0933768775","0.0179281352","0.111305013","3458.45012","3504.52937"
"0.012832114","0.00942267052","0.0224309993","-0.00661275131","-0.0097051232","0.0250302135","0.108892861","0.012832114","0.00978762018","0.0219426699","-0.00661275131","-0.0097051232","0.0250302135","0.108892861","0.0533981229","0.162290984","12164.7059","12622.2039"
"0.0134991727","0.0051525281","0.0291967248","-0.0107670566","-0.0141837394","0.0311049197","0.0809114625","0.0134991727","0.00529711326","0.0286621274","-0.0107670566","-0.0141837394","0.0311049197","0.0809114625","0.0540025493","0.134914012","14531.1541","15157.8906"
"0.0131361127","0.00461118772","0.00739998599","-0.000832747089","-0.00254070942","0.0245641323","0.0632513869","0.0131361127","0.00474146882","0.00727094632","-0.000832747089","-0.00254070942","0.0245641323","0.0632513869","0.0463379622","0.109589349","6376.79974","6613.22215"
"0.000282766895","9.5444951e-05","0.000957269061","-0.000166089075","-0.000303402115","0.00959752494","0.00164696355","0.000282766895","9.54830372e-05","0.000956907148","-0.000166089075","-0.000303402115","0.00959752494","0.00164696355","0.0104635147","0.0121104782","9575.47592","9674.13827"
"-0.00458523987","-0.00122204517","0.0260114194","-0.00597745228","-0.0124138112","0.0101608404","0.362483979","-0.00458523987","-0.00121373781","0.0261633575","-0.00597745228","-0.0124138112","0.0101608404","0.362483979","0.0119737113","0.37445769","5566.9825","5644.90294"
"0.00768141571","0.0165757565","0.00217108893","-0.000378015396","-0.000684079424","0.0100032758","0.0835309777","0.00768141571","0.0173038072","0.00211967169","-0.000378015396","-0.000684079424","0.0100032758","0.0835309777","0.0353694421","0.11890042","2432.60035","2437.42518"
"0.000477742472","0.00014748673","0.00127407994","-0.00026198896","-0.000405660142","0.00115359943","0.00710223314","0.000477742472","0.000147545582","0.00127328384","-0.00026198896","-0.000405660142","0.00115359943","0.00710223314","0.00238525947","0.00948749261","13711.8863","13741.6122"
"0.0107838484","0.00258183358","0.00200903517","-0.000168854716","-0.000638484594","0.0239939277","0.0427614927","0.0107838484","0.00267595462","0.00198253721","-0.000168854716","-0.000638484594","0.0239939277","0.0427614927","0.0385613055","0.0813227982","3860.67129","3980.31697"
"0.0255018227","0.00939893365","0.0120533987","-0.00281206179","-0.00436001901","0.092925063","0.20260325","0.0255018227","0.0104913402","0.0116469126","-0.00281206179","-0.00436001901","0.092925063","0.20260325","0.132707137","0.335310387","3517.38227","3879.67582"
"0.00183043771","0.000615216867","0.00876807014","-0.00115231016","-0.00312777676","0","-0.00204611382","0.00183043771","0.000614868462","0.00874667878","-0.00115231016","-0.00312777676","0","-0.00204611382","0.00693363779","0.00488752397","38450.75","38691.4769"
"0.012407371","0.00232632837","0.00278164889","-0.00132503372","-0.00089312948","0.0185073439","0.0589755332","0.012407371","0.00234778994","0.00274125999","-0.00132503372","-0.00089312948","0.0185073439","0.0589755332","0.0338045289","0.0927800621","3827.4847","3940.57762"
"0.0435867923","0.0179164864","0.00819806951","-0.000855451953","-0.00271781788","0.0112015287","0.593649302","0.0435867923","0.0217121375","0.00772307507","-0.000855451953","-0.00271781788","0.0112015287","0.593649302","0.077329607","0.670978909","1876.4826","1914.8626"
"0.0360795246","0.0113405076","0.0450408148","-0.0183645431","-0.0272740361","0.238836959","0.614340773","0.0360795246","0.012348997","0.043001674","-0.0183645431","-0.0272740361","0.238836959","0.614340773","0.285659227","0.9","5433.46112","6795.34412"
"0.044740585","0.0170052595","0.0163918415","-0.00102135896","-0.00614086416","0","0.508266202","0.044740585","0.0206456564","0.0154385737","-0.00102135896","-0.00614086416","0","0.508266202","0.0709754629","0.579241665","3636.29778","3693.28265"
"0.00666140445","0.00172477981","0.0152265524","-0.00343774795","-0.00597349023","0.174421929","0.227341376","0.00666140445","0.00174161873","0.0150999217","-0.00343774795","-0.00597349023","0.174421929","0.227341376","0.188623428","0.415964804","2829.63349","3350.67339"
"0.0126950942","0.0138431048","0.034314316","-0.0264428291","-0.0179413083","0.0225157933","0.647478329","0.0126950942","0.0147659075","0.0334272179","-0.0264428291","-0.0179413083","0.0225157933","0.647478329","0.0389841711","0.6864625","3289.29934","3303.12442"
"-0.0288916646","-0.00982979279","0.050259542","-0.0633714571","-0.0391649897","0.00244970787","0.970831645","-0.0288916646","-0.00909618708","0.0522840569","-0.0633714571","-0.0391649897","0.00244970787","0.970831645","-0.0885486543","0.882282991","6958.50924","6498.0564"
"0.0160672016","0.0294516551","0.0239819676","-0.0057565395","-0.0103137066","0.0298131353","-0.0109359663","0.0160672016","0.0323136379","0.0229378623","-0.0057565395","-0.0103137066","0.0298131353","-0.0109359663","0.0832437136","0.0723077473","16368.9403","16926.0317"
"-0.000260900487","-0.000290496318","0.0122027769","-0.00263191179","-0.00461168848","0.00751375884","0.00884811178","-0.000260900487","-0.000290168363","0.0122095091","-0.00263191179","-0.00461168848","0.00751375884","0.00884811178","0.0119215386","0.0207696504","20124.7408","20371.9935"
"0.0118429653","0.0148854129","0.00882024715","-0.00170632822","-0.00306446359","0.0222310531","-0.00302107816","0.0118429653","0.0156209295","0.00859063345","-0.00170632822","-0.00306446359","0.0222310531","-0.00302107816","0.0530088867","0.0499878085","26465.6768","27348.1267"
"0.0111256165","0.00271468469","0.00166283975","-0.00041866377","-0.000525464095","0.0278845272","0.0362677745","0.0111256165","0.00278747934","0.00164013972","-0.00041866377","-0.000525464095","0.0278845272","0.0362677745","0.0424435403","0.0787113147","3676.00799","3807.67665"
"-0.00083729132","-0.000297089112","0.00488947161","-0.00100847251","-0.00164854674","0.00943889063","0.00722591583","-0.00083729132","-0.000296484053","0.00489502443","-0.00100847251","-0.00164854674","0.00943889063","0.00722591583","0.0105369625","0.0177628784","16395.0574","16577.5801"
"0.00662818564","0.0243927255","0.00067832477","-4.68628048e-05","-0.000207657725","0","0.0357988351","0.00662818564","0.0251991392","0.000657915628","-4.68628048e-05","-0.000207657725","0","0.0357988351","0.0314447154","0.0672435504","2008.19086","1991.842"
"0.0300462111","0.00623250441","0.00456842315","-0.000734534418","-0.00147358676","0.0934739126","0.260969836","0.0300462111","0.00678375759","0.00440848884","-0.000734534418","-0.00147358676","0.0934739126","0.260969836","0.13211293","0.393082766","1409.475","1569.79356"
"-4.0644134e-05","-1.28069379e-05","0.00242736926","-0.000336024949","-0.000787116568","0.00792307948","0.00749493604","-4.0644134e-05","-1.28059714e-05","0.00242749901","-0.000336024949","-0.000787116568","0.00792307948","0.00749493604","0.00917385615","0.0166687922","12046.1241","12156.8306"
"0.00266069021","0.000769172029","0.000442023054","-6.48332919e-05","-0.000138581195","0.22348324","-0.176071508","0.00266069021","0.000773498005","0.000440512157","-6.48332919e-05","-0.000138581195","0.22348324","-0.176071508","0.22715171","0.051080202","1341.92546","1644.52778"
"-0.00030603609","-8.56572356e-05","0.000813398964","-8.8637531e-05","-0.000257441381","0.00182361229","0.00614987174","-0.00030603609","-8.56073819e-05","0.000813717691","-8.8637531e-05","-0.000257441381","0.00182361229","0.00614987174","0.00189923901","0.00804911076","7470.57808","7486.06004"
"-0.0463438694","-0.0140194302","0.0551644542","-0.048632256","-0.0494647602","0.191478984","0.688437193","-0.0463438694","-0.0125270851","0.0587082797","-0.048632256","-0.0494647602","0.191478984","0.688437193","0.0881831222","0.776620315","11422.6018","12700.0699"
"-0.0453193677","-0.0173365581","0.0382202094","-0.0121826153","-0.0248659644","0.00450322679","0.0190350402","-0.0453193677","-0.0153193362","0.0407750051","-0.0121826153","-0.0248659644","0.00450322679","0.0190350402","-0.0569810692","-0.037946029","32531.7909","31846.289"
"-0.00649016091","-0.00156796206","0.0183046871","-0.00637209338","-0.0077076589","0.0369530947","0.0840082652","-0.00649016091","-0.00154932147","0.0184533868","-0.00637209338","-0.0077076589","0.0369530947","0.0840082652","0.0331199065","0.117128172","9188.30218","9520.24029"
"0.00201924046","0.000579791689","0.0140760865","-0.0018784327","-0.00546023403","0.00374142","0.0409128487","0.00201924046","0.000582359388","0.0140395971","-0.0018784327","-0.00546023403","0.00374142","0.0409128487","0.0130778719","0.0539907206","12590.0997","12737.6575"
"0.0127246902","0.018726371","0.00156772387","-0.000255030684","-0.000486057909","0.00802628357","0.0845037171","0.0127246902","0.0200207225","0.00151992075","-0.000255030684","-0.000486057909","0.00802628357","0.0845037171","0.04030398","0.124807697","1926.92291","1924.72113"
"0.0160281141","0.00682257592","0.00272283349","-0.000177607496","-0.000866256108","0.0259631311","0.0775443126","0.0160281141","0.0073304851","0.00266200484","-0.000177607496","-0.000866256108","0.0259631311","0.0775443126","0.050492791","0.128037104","2950.34376","3039.82225"
"0.00474471332","0.00198505672","0.0106531872","-0.00307452635","-0.00389507327","0.0362870338","0.117312335","0.00474471332","0.00200232653","0.010581973","-0.00307452635","-0.00389507327","0.0362870338","0.117312335","0.0467003914","0.164012726","5555.77846","5795.71032"
"0.00376814351","0.00199439124","0.0162339763","-0.00359131719","-0.0064934394","0.00377166757","0.0671297014","0.00376814351","0.00201443907","0.0161409635","-0.00359131719","-0.0064934394","0.00377166757","0.0671297014","0.015683422","0.0828131235","14212.6948","14381.4475"
"0.00267419074","0.00186277919","0.00205696736","0.000404264321","-0.000660118943","0.000687433719","-0.000874159963","0.00267419074","0.00187203866","0.00204767711","0.000404264321","-0.000660118943","0.000687433719","-0.000874159963","0.00702551638","0.00615135641","51897.0444","52140.5576"
"-0.00186920811","-0.000580745065","0.00276833971","-0.00065795515","-0.000904636483","0.0268206946","-0.00817095873","-0.00186920811","-0.000578072242","0.00277513867","-0.00065795515","-0.000904636483","0.0268206946","-0.00817095873","0.0255764895","0.0174055308","9686.6532","9946.58874"
"-0.0592521011","-0.0142374272","0.047986746","-0.0407746287","-0.0384530341","0.0615942029","0.943136242","-0.0592521011","-0.0131919699","0.0517929883","-0.0407746287","-0.0384530341","0.0615942029","0.943136242","-0.0431362422","0.9","8145.16942","8011.41731"
"0.00339047226","0.00124702513","0.0069452728","-0.001976133","-0.00240227172","0.000504711849","0.0287872712","0.00339047226","0.00125247287","0.0069132128","-0.001976133","-0.00240227172","0.000504711849","0.0287872712","0.00770907733","0.0364963485","17666.8019","17768.604"
"0.031587507","0.00735928353","0.00932583058","-0.00188951087","-0.00322145609","0.0337095434","0.259093424","0.031587507","0.00800565511","0.00897623503","-0.00188951087","-0.00322145609","0.0337095434","0.259093424","0.0768711976","0.335964621","4579.24949","4838.02477"
"0.0295499064","0.0179853496","0.00714962714","-0.00158793396","-0.00236843562","0.0247259557","0.0698772022","0.0295499064","0.020175283","0.00682518999","-0.00158793396","-0.00236843562","0.0247259557","0.0698772022","0.0754544693","0.145331671","6985.24618","7194.22995"
"0.109875934","0.026519403","0.0643283125","-0.0561472362","-0.0458856974","0.246677529","0.554631754","0.109875934","0.0349148502","0.0566073359","-0.0561472362","-0.0458856974","0.246677529","0.554631754","0.345368246","0.9","8156.97433","10157.1669"
"0.00189329886","0.000363193741","0.00277804074","-0.000555306608","-0.000903497291","0.0317964765","0.000615704714","0.00189329886","0.000363784846","0.00277178622","-0.000555306608","-0.000903497291","0.0317964765","0.000615704714","0.0353722059","0.0359879107","6997.66506","7240.27692"
"-0.0174987018","-0.00479634278","0.00549576742","-0.00138899488","-0.00191445413","0.00465454603","0.0269279436","-0.0174987018","-0.00450173188","0.00562108987","-0.00138899488","-0.00191445413","0.00465454603","0.0269279436","-0.0154481802","0.0114797634","8778.87252","8760.27"
"0.0403161704","0.0146305515","0.00464921187","-0.000264501636","-0.00147307616","0.0267752916","0.289561265","0.0403161704","0.0173926796","0.00440705845","-0.000264501636","-0.00147307616","0.0267752916","0.289561265","0.0846336475","0.374194913","1585.80827","1645.69627"
"0.0313944559","0.00803274885","0.00304006353","-0.000133885528","-0.000955592935","0.00507459288","0.216556818","0.0313944559","0.00900863208","0.00292474886","-0.000133885528","-0.000955592935","0.00507459288","0.216556818","0.0464523827","0.263009201","1831.74155","1870.36341"
"0.0692092872","0.0178410077","0.01004929","-0.000712658726","-0.00333177244","0.151250801","0.395439929","0.0692092872","0.0232383939","0.00924454927","-0.000712658726","-0.00333177244","0.151250801","0.395439929","0.244305955","0.639745884","1993.95089","2354.28728"
