iso,Lambdap,LambdaNMp,LambdaPESCp,LambdaSCp,Hr,Hn,HrNMp,HrPESCp,HrSCp,HnNM,HnPE,HnGE
"AFG",3.1405690856831,2.95967236378979,2.98204000059487,2.97720913164794,0.0783798286710392,0.0827739067583507,0.0765463651915486,0.0768044493914939,0.0771691729647482,0.0765463651915486,0.0773400049557105,0.0771691729647482
"AGO",3.33838701038113,2.6987645043178,2.69640484332098,2.69693689259314,0.0296867251405192,0.0364660750317115,0.0297650854717656,0.0297612066554707,0.0297425294378219,0.0297650854717656,0.0297359587650557,0.0297425294378219
"ALB",2.60067531008983,2.21225122166717,2.19270336548067,2.19193994308577,0.0781801107028637,0.0906623687502347,0.0807175808007676,0.0807805797322155,0.0801005822858335,0.0807175808007676,0.0801239796164606,0.0801005822858335
"ARE",2.08505777430682,2.08054890775924,2.08069400173901,2.08065744789258,0.156690535481182,0.156976802781246,0.156663277859253,0.156664174395857,0.156670841180475,0.156663277859253,0.156673388157292,0.156670841180475
"ARG",1.92299807640412,1.79473960505284,1.80671798005078,1.80409404426121,0.11398459869013,0.121143538932337,0.111763944215119,0.112032846820074,0.112493125389731,0.111763944215119,0.112696305866058,0.112493125389731
"ARM",2.44327078414016,2.20477441572119,2.20092867806584,2.20172814640265,0.191109170989225,0.207492513540827,0.191941015818734,0.191933256346727,0.191720587872378,0.191941015818734,0.191662637288292,0.191720587872378
"AUS",1.2130355011056,1.18081921032254,1.23742601308073,1.21374008769869,0.318914993367803,0.301325524653081,0.262735410259985,0.290049438227151,0.302146618160952,0.262735410259985,0.329205065333564,0.302146618160953
"AUT",1.2433440317902,1.20289475512893,1.22527773242733,1.21668086143603,0.213739161101908,0.228935601282447,0.197300024040837,0.204605670789425,0.20831849329362,0.197300024040837,0.215063977672631,0.20831849329362
"AZE",2.34923546425865,2.26576925929741,2.2623906324282,2.26325328834957,0.132265627097848,0.136473066506169,0.132746969224299,0.132762071618821,0.132630384263181,0.132746969224299,0.132590350851346,0.132630384263181
"BDI",3.73638206365629,2.9173331455026,2.96076707846053,2.95072200492531,0.0114164942706562,0.014574989015343,0.0108810473187385,0.0109461354670213,0.0110553027470906,0.0108810473187385,0.0111072939321561,0.0110553027470906
"BEL",1.2382451352996,1.20935449779382,1.23568017987504,1.222660476738,0.301571749186533,0.311711496979467,0.280455577439386,0.28819919257869,0.295034409856489,0.280455577439386,0.308995667359596,0.295034409856489
"BEN",3.58136455893804,2.93147514036491,2.90417756376379,2.9110694222135,0.0137170412444351,0.0167072158363531,0.0140866610524255,0.0140860345583899,0.0139896855728493,0.0140866610524255,0.0139566976085239,0.0139896855728493
"BFA",3.26613480182901,2.98775494164595,2.97878906299272,2.98110846016384,0.00943627721812527,0.0103064275292873,0.00951620955265186,0.00951713856463056,0.00949593975044803,0.00951620955265186,0.00948884982199734,0.00949593975044803
"BGD",2.88692122565318,2.80131182052836,2.80449818878737,2.80371459167079,0.0737554339252992,0.0758384946115259,0.0735217880615897,0.0735324391619192,0.0735882621416857,0.0735217880615897,0.0736099223319421,0.0735882621416857
"BGR",1.27139808493869,1.27757857778856,1.27429691448849,1.27460136359602,0.199404913057055,0.198631870490656,0.202172476815197,0.200709083167342,0.20047121252079,0.202172476815197,0.200296793677742,0.20047121252079
"BHR",2.10458172821097,2.06518346504867,2.06681269114098,2.06641467977293,0.180163307727532,0.182971468749741,0.179811345967261,0.179828075235642,0.1799119253574,0.179811345967261,0.179944413747667,0.1799119253574
"BHS",2.91913091945929,2.10605060015538,2.06358952407594,2.06967246517772,0.110226990650081,0.146545897532408,0.117065474559567,0.11697509691674,0.115205133196119,0.117065474559567,0.114887656895771,0.115205133196119
"BIH",2.58577151389113,2.26576926901346,2.24625857528763,2.2479647794435,0.0851154994763856,0.0959828250041924,0.087434318255317,0.0875225521944272,0.0868872173849445,0.087434318255317,0.0868343333227162,0.0868872173849445
"BLR",1.63174351106451,1.56258885151506,1.57985980724809,1.57665010988764,0.172869036905006,0.179149016914061,0.166598825037112,0.168291909985571,0.16923983278542,0.166598825037112,0.169836092877822,0.16923983278542
"BLZ",3.71330449628893,2.33678273003508,2.22655595609058,2.22561603500032,0.0966934671900308,0.145372161131679,0.113811400527071,0.114401519832691,0.109558850864535,0.113811400527071,0.109596586425868,0.109558850864535
"BOL",1.60684230540959,1.62052246530844,1.61411860173508,1.61496445976082,0.142704876293687,0.141670856649251,0.145438791114045,0.144164941114219,0.143910004459133,0.145438791114045,0.143677093443648,0.143910004459133
"BRA",3.56742942408336,3.49327597030624,3.47553095861729,3.48077894792914,0.0936258266239455,0.095423618428861,0.0946346568508753,0.0948773032169098,0.0944983838046682,0.0946346568508753,0.0944408652329059,0.0944983838046682
"BRB",3.81195380772731,2.10554190336802,2.01880660941598,2.00779867884984,0.115384822491102,0.191033160219675,0.135975143765968,0.135544746688786,0.129987570833909,0.135975143765968,0.130690868225683,0.129987570833909
"BRN",2.02153602297819,1.87942511380124,1.8885958088457,1.88655813087612,0.129069183418406,0.137486830037369,0.12731006365712,0.127470645783069,0.127857415952323,0.12731006365712,0.12801301797362,0.127857415952323
"BTN",3.07658918135888,2.91512062654889,2.91546468450745,2.91538030678823,0.0519271190686226,0.0546461868669931,0.0519100037342514,0.051910272856621,0.0519145910781992,0.0519100037342514,0.0519160815060949,0.0519145910781992
"BWA",3.08638692736485,2.98775487383274,2.96812965662161,2.97384734147644,0.0431052797632954,0.0444650019320991,0.0437614493287783,0.0438916127600694,0.0436584912859969,0.0437614493287783,0.0436158831526051,0.0436584912859969
"CAF",3.89147054320759,2.93103371375558,2.97140131214142,2.96208815784914,0.00956587573382725,0.0126607224262468,0.00915000506114985,0.0091993367332058,0.00928475330968627,0.00915000506114985,0.00932485296215446,0.00928475330968628
"CAN",1.1719210942624,1.16840559179396,1.20270366384673,1.17323500021237,0.504138988396655,0.497861295969861,0.489148190341476,0.482502695745817,0.501104381984563,0.489148190341476,0.571979593372685,0.501104381984562
"CHE",1.55235319648885,1.47776358654538,1.56560606476579,1.5368412818351,0.232547032840048,0.217127500248688,0.197286144865086,0.202482283126598,0.213159841158216,0.197286144865086,0.220455056051212,0.213159841158216
"CHL",2.03256679201687,1.96722184590335,1.98757836332051,1.98564056894369,0.137095718603184,0.137114320541482,0.132703459991414,0.133574580368796,0.133976127713518,0.132703459991414,0.13410865102562,0.133976127713518
"CHN",1.36033987976765,1.33563006879596,1.34597146628596,1.34426124959223,0.0810843292331025,0.0824607297425965,0.0782270492468068,0.0794518697549498,0.0797235695769064,0.0782270492468068,0.080017817823136,0.0797235695769063
"CIV",3.33860234328055,2.98775492858084,2.97845415475436,2.98075601559701,0.0380283985415369,0.0423050959398386,0.0383603382380185,0.0383607688077794,0.0382742891186811,0.0383603382380185,0.0382459202748983,0.0382742891186811
"CMR",3.77878602627884,2.98775492710858,2.94908059878602,2.95848740381262,0.0298982740563108,0.0375170943524476,0.0310175729918437,0.0310191418168873,0.0307249281087173,0.0310175729918437,0.0306299199800868,0.0307249281087173
"COG",3.14695640042356,2.98775489912355,2.98606788940709,2.98648745519725,0.0489396666369806,0.0514133278356583,0.0490160049694113,0.0490158593271968,0.0489961232009552,0.0490160049694113,0.0489895388031501,0.0489961232009551
"COL",2.97406946384753,2.90759304476392,2.89800375130886,2.90045637416894,0.167592978054953,0.17077032507283,0.168792517796793,0.168963076439105,0.168574798574105,0.168792517796793,0.168499728546884,0.168574798574105
"COM",3.83776681609486,2.98775495799861,3.02786724667372,3.02130979350515,0.0384391445526817,0.0488409059461576,0.0367203682676933,0.0369078998983532,0.0372769489454632,0.0367203682676933,0.037384884629806,0.0372769489454632
"CPV",4.56928753191555,2.5674762566356,2.5197426814927,2.51267458540812,0.0280931903291657,0.0489252592695258,0.0306309144819755,0.0304811085599412,0.0298262014236705,0.0306309144819755,0.0299313769087306,0.0298262014236704
"CRI",2.04803198578853,1.98499659259549,1.98828563267765,1.98754783581528,0.154635823768279,0.158766785998379,0.153956068921944,0.153998806012402,0.154156699146316,0.153956068921944,0.154214623645899,0.154156699146316
"CUB",2.80824542293441,2.1516238476321,2.21909191122676,2.21059814453479,0.0956212214925367,0.121263794874631,0.0853498825590295,0.0871930362225484,0.0891456472005469,0.0853498825590295,0.0896819328522413,0.0891456472005469
"CYP",1.82454513098331,1.74817102707399,1.76267301207311,1.76116928529787,0.299666541424009,0.308716707021792,0.292359546672179,0.293857303722317,0.295243581172384,0.292359546672179,0.295574480882584,0.295243581172384
"CZE",1.13928224875785,1.08729319761404,1.12671766749044,1.12347529676106,0.144596995401425,0.14839930126201,0.0974543317984427,0.132055444687808,0.133408643372163,0.0974543317984427,0.136517863389572,0.133408643372164
"DEU",1.22232073490992,1.18798053219461,1.210652472906,1.20158484684528,0.261352921248442,0.276591157752525,0.240628493906649,0.250567669448798,0.255121430870003,0.240628493906649,0.264600444931079,0.255121430870003
"DJI",3.43204810844865,2.63254655105486,2.62817297296133,2.62919514350092,0.022226084069534,0.0287818433751234,0.0223384467852015,0.0223314761139486,0.0223053189697046,0.0223384467852015,0.022295202902873,0.0223053189697046
"DNK",1.38697692230583,1.3107968789506,1.35959599800662,1.34923027134628,0.22609496840859,0.228497331879254,0.194180919046239,0.207614057633714,0.211978154529721,0.194180919046239,0.216605896121792,0.211978154529721
"DOM",1.82305802181554,1.71997353505857,1.73307267556512,1.7315200663883,0.139061184898641,0.146177335861172,0.135532937025126,0.136061459060746,0.136788250891777,0.135532937025126,0.136955771378524,0.136788250891777
"DZA",2.75720242551484,2.54359635438282,2.56106130894386,2.55779334507997,0.103780939316894,0.111524283395874,0.101615747637633,0.101842780314358,0.102311114203006,0.101615747637633,0.102470402507785,0.102311114203006
"ECU",1.91565250746511,1.90392751826161,1.90774274204127,1.90723160189666,0.17204624474564,0.17292254597396,0.170719518656093,0.171153695889987,0.171341711675117,0.170719518656093,0.171437867683314,0.171341711675117
"EGY",2.28965987878702,2.20477444828158,2.22173267722462,2.21817299394523,0.126023835530619,0.130243900767276,0.122955621718897,0.12360749089817,0.124129537819669,0.122955621718897,0.124439919646284,0.124129537819669
"ERI",4.07246237695561,2.9164481042548,2.9586981213681,2.94992153627478,0.0222407219909751,0.0307850503299138,0.0212019509728201,0.0213289021892005,0.0215426065891379,0.0212019509728201,0.0216312060758864,0.0215426065891379
"ESP",1.37882056663496,1.35903960288671,1.38640105815169,1.37624349268121,0.190631100833412,0.186068428496427,0.17891927741621,0.181844219337753,0.18514867649109,0.17891927741621,0.188754067436001,0.18514867649109
"EST",1.54736989663063,1.52422987338433,1.55121188162776,1.53959591996019,0.315014655907098,0.311739792058407,0.303093604464387,0.303668212303546,0.308864064007202,0.303093604464387,0.313150366057519,0.308864064007202
"ETH",3.27037441885393,2.98775494493828,3.01306717014686,3.00721561177417,0.0248488878948873,0.0271356256732945,0.0241901223061024,0.0242665913940935,0.0244033448842555,0.0241901223061024,0.0244671475648084,0.0244033448842555
"FIN",1.51972246498395,1.55506543651596,1.54224924788304,1.53665684376421,0.385200470661708,0.385123005306595,0.401964567157427,0.391170075043244,0.393289211613238,0.401964567157427,0.395946626362023,0.393289211613238
"FJI",4.13287134019967,2.48038875237503,2.49481150775867,2.49548041850613,0.123775908024994,0.190526609876627,0.120967805874998,0.12124782902595,0.121908456132029,0.120967805874998,0.121866931853405,0.121908456132029
"FRA",1.40672944631055,1.35535494465296,1.40254232266852,1.3761944945503,0.227508687203152,0.232644650615833,0.210963514646441,0.210345445604669,0.219953386638252,0.210963514646441,0.230937046214372,0.219953386638252
"FSM",2.69757626189426,2.48370759520736,2.46929538519855,2.46892508001553,0.138054136000196,0.148180273313035,0.140663909475853,0.14081318245957,0.140096267129776,0.140663909475853,0.140110569686001,0.140096267129776
"GAB",2.794740374987,2.26576928186619,2.31079663758883,2.3011366857577,0.0443961100187349,0.0541991522367968,0.0415912554711265,0.0420169426329755,0.0425560336280439,0.0415912554711265,0.042816188779998,0.0425560336280439
"GBR",1.5289628862149,1.42645697252865,1.52676551056294,1.49614115038659,0.271011042700924,0.255512562383147,0.220800749135639,0.231923536188532,0.244915730771174,0.220800749135639,0.25481734756073,0.244915730771174
"GEO",1.71600039288169,1.76027465306471,1.74428001132306,1.74673020406749,0.489857505845606,0.483493709698077,0.500478040702265,0.496723525705531,0.495373578088778,0.500478040702265,0.494441712733251,0.495373578088777
"GHA",2.91622472923928,2.40784379385206,2.43853936187597,2.43187561162817,0.0479611986506764,0.0575051879456819,0.0460657742704433,0.0462890395611264,0.0466820741444541,0.0460657742704433,0.0468514923924879,0.0466820741444541
"GIN",3.34357131407992,2.98775495526076,3.01712099937472,3.01040512709182,0.0248335312509494,0.0277090464005303,0.0240695157838731,0.0241574095459519,0.024316296435701,0.0240695157838731,0.0243890569814015,0.024316296435701
"GMB",3.76875659845896,2.89783934333422,2.86589140731226,2.87258260382863,0.0388719522819813,0.0499707496007716,0.0401701010145912,0.0401480137736327,0.0398172467673505,0.0401701010145912,0.0397229744570062,0.0398172467673505
"GNB",4.96770714310919,2.98775496744487,2.98068406649594,2.98207835608665,0.0106890961740847,0.017647634173719,0.0107745454516288,0.010765065616503,0.0107467088378785,0.0107745454516288,0.0107398623421356,0.0107467088378785
"GNQ",3.20621505242836,2.48891906036661,2.39531031829368,2.41666466006331,0.0442840017251743,0.0563275858178524,0.0489695664748899,0.0494555911140664,0.0479862278930917,0.0489695664748899,0.0476842508307789,0.0479862278930917
"GRC",1.29439069588701,1.28135754056719,1.28985571216325,1.28819294405286,0.184253056893219,0.185003090969513,0.178611129531519,0.181245317149765,0.181979603515225,0.178611129531519,0.182793613864162,0.181979603515225
"GRD",4.79512078906567,2.34796169971911,2.21988364494735,2.15462924773833,0.110295379569421,0.202026554147945,0.146544306213645,0.147173885307613,0.136789388623985,0.146544306213645,0.140271874989878,0.136789388623985
"GTM",3.521950115971,3.31605225092637,3.2738699478034,3.28228435597744,0.0499533836848826,0.0528910018993195,0.0515888076288594,0.0519284869476358,0.0513596496820719,0.0515888076288594,0.0513018115243263,0.0513596496820719
"GUY",7.04924842676442,2.74434180219015,2.63907535055166,2.57530409044269,0.0936028808744782,0.209649963774215,0.118522520976207,0.117419155654602,0.110192394794453,0.118522520976207,0.113426097094964,0.110192394794453
"HND",4.23125679661128,3.57396494507682,3.51501370848274,3.52480218435366,0.0531513681667189,0.0623173352900418,0.0557512164666583,0.0559348690852813,0.055178623050689,0.0557512164666583,0.0550630465509122,0.0551786230506889
"HRV",2.28463076328715,2.24304148742982,2.24199298201615,2.24215420468206,0.137134951882622,0.139323379649607,0.137312483071324,0.137316199975761,0.137268769030233,0.137312483071324,0.137260822307239,0.137268769030233
"HTI",6.15772159603489,2.97767577271808,2.92208622598415,2.92832457232637,0.0292015403434316,0.0585613840558147,0.0313010494737868,0.0310568367890108,0.0305860673767907,0.0313010494737868,0.0304947244458245,0.0305860673767907
"HUN",1.46857532984529,1.34180740932799,1.39836017904132,1.39179579586497,0.134804508439591,0.139497444264472,0.111371571226374,0.121058097431606,0.123074282035525,0.111371571226374,0.124548909828881,0.123074282035525
"IDN",2.6944780990789,2.65285485214146,2.64694581191001,2.64861780172502,0.0657578604105989,0.0667207616494521,0.0661029622210303,0.0661513016731001,0.0660389842382673,0.0661029622210303,0.0660136814153157,0.0660389842382672
"IND",2.78673603773066,2.67722900666771,2.68401975657645,2.68238174322645,0.0810890268676146,0.0841267901405198,0.0805053329032159,0.0805484122833643,0.0806806107408055,0.0805053329032159,0.080736226881154,0.0806806107408054
"IRL",1.48044850544864,1.52130708868161,1.54596331625284,1.50914441502186,0.404190710108615,0.394146326101531,0.416179499412184,0.39060193179996,0.409745436451222,0.416179499412184,0.428912023263956,0.409745436451222
"IRN",2.69816939570572,2.51254942260692,2.49328881577238,2.49831194550996,0.1186302112745,0.126287481162628,0.120793471946528,0.120992585121803,0.120338357874407,0.120793471946528,0.120176548512513,0.120338357874407
"IRQ",2.49141691750735,2.35960245846665,2.37994094217175,2.37588954852447,0.146872285053211,0.153815000816231,0.143053187150836,0.143707068666081,0.144426724722826,0.143053187150836,0.144766426308737,0.144426724722826
"ISL",1.90362450386162,1.721637659575,1.77267751326159,1.7481858229316,0.302641927553509,0.325528965452599,0.287448707730459,0.283190494390378,0.293497770046589,0.287448707730459,0.298917583706775,0.293497770046589
"ISR",1.34065159443849,1.28198693665171,1.38477959793261,1.33402372643759,0.343449060962782,0.323000531652984,0.279610921011593,0.293523742771535,0.318289640087542,0.279610921011593,0.353215798467413,0.318289640087543
"ITA",1.45750401346314,1.401717335981,1.41932697126262,1.42440204928779,0.110100141430927,0.111342200795258,0.101656413106296,0.106496852416002,0.105686504665455,0.101656413106296,0.104796069443744,0.105686504665455
"JAM",4.20725541017583,2.73297799320776,2.73201091967727,2.73181837216598,0.154460539997849,0.21949400174542,0.154690954980556,0.154677195399801,0.154618970004252,0.154690954980556,0.154630925771902,0.154618970004252
"JOR",2.04515154101126,1.95568395118103,1.9632693086812,1.96160138560308,0.217229554258109,0.224931949708882,0.215086423135847,0.215301240578092,0.215765347506688,0.215086423135847,0.215955973779743,0.215765347506688
"JPN",1.40796911244553,1.39808119944699,1.40439862403967,1.40239723537477,0.331655943870863,0.332949326263159,0.327177369122192,0.328790591058309,0.329706816174089,0.327177369122192,0.330874469653523,0.329706816174089
"KAZ",1.86387481248365,1.9208930578206,1.91336614793066,1.91470794034301,0.232566519911179,0.227231855967403,0.23503966289162,0.234740170144775,0.234215188120023,0.23503966289162,0.234035623880372,0.234215188120023
"KEN",3.77247280475559,2.98293625403731,2.94466771935764,2.95402376116489,0.0295182335053084,0.0370418395947257,0.0306124009705506,0.0306131977410312,0.0303259515580252,0.0306124009705506,0.0302323299395145,0.0303259515580252
"KGZ",1.92745701667257,1.90020767451645,1.9087830937099,1.90714905238672,0.109958671144165,0.111359904096924,0.108111203189745,0.108701619296235,0.108943219762711,0.108111203189745,0.109138638405958,0.108943219762711
"KHM",3.85874578586536,2.87116608116398,2.82758472350001,2.83735275493532,0.0196561848286401,0.0262398098071511,0.0205673113432226,0.0205522635609434,0.0203191428680885,0.0205673113432226,0.0202466174509269,0.0203191428680885
"KWT",1.99531119559972,1.84564349393135,1.85907082954087,1.85613988662378,0.16403567051169,0.175009732195667,0.160750912264108,0.16114161210294,0.161825880177249,0.160750912264108,0.162123879083974,0.161825880177249
"LAO",3.64156936355015,2.80131180492302,2.7844169092292,2.7874024727642,0.0487729955853479,0.062488351413836,0.0496983177821919,0.049665470787749,0.0494370588131997,0.0496983177821919,0.0493807263591355,0.0494370588131997
"LBN",2.67111989820062,2.21673215316105,2.19955491694332,2.20200694616697,0.170323777308052,0.198313166446219,0.173987915590357,0.173986337335301,0.173031675771474,0.173987915590357,0.172871200001285,0.173031675771474
"LBR",7.68447209073432,2.93324097025277,2.77142581861311,2.80028306079786,0.00967544653953449,0.024956504452203,0.0117976013753147,0.011486900526081,0.0110315204733698,0.0117976013753147,0.0108600961428002,0.0110315204733698
"LBY",2.33898950570174,2.18428198178995,2.21183875693289,2.20630521506818,0.0989480847996869,0.105218941931634,0.0948962859738865,0.0957114643777187,0.0964217671299518,0.0948962859738865,0.0968020671194044,0.0964217671299518
"LCA",3.30955413394016,2.69556172858376,2.63526967898385,2.63538715307568,0.14779543870328,0.175550290823474,0.158236700989414,0.159104748885328,0.156105805130592,0.158236700989414,0.156101549974432,0.156105805130591
"LKA",3.30045153763546,2.84796300472998,2.77251291698554,2.79154056393517,0.0778089720684845,0.0890702530960938,0.0829185859039039,0.083734622260637,0.0820116709959767,0.0829185859039039,0.0816975040274907,0.0820116709959767
"LSO",3.01884801822475,2.98775490277362,2.98766487347401,2.98768815496168,0.043357774588011,0.0437892339371828,0.0433613481845815,0.0433613491846358,0.0433604222226838,0.0433613481845815,0.0433600992417139,0.0433604222226838
"LTU",1.67342842796604,1.80562155129643,1.76554293965656,1.7708774701889,0.405320036593881,0.387133668765988,0.429221023626019,0.422594058487452,0.418767992879142,0.429221023626019,0.41712662455466,0.418767992879142
"LUX",1.28988077177408,1.20870915381636,1.29870304491859,1.27443829760856,0.249934648496044,0.232387189882343,0.178550894544368,0.210549525681005,0.222673352134772,0.178550894544368,0.237833011560443,0.222673352134772
"LVA",1.71807267877305,1.6062661528429,1.63410058196057,1.61484928920895,0.275208814448612,0.29877867417107,0.269816521540658,0.264805963961445,0.272182001277609,0.269816521540658,0.277397211764696,0.272182001277609
"MAR",3.42080396459012,2.64040069718769,2.64401016393484,2.6434785172602,0.0546820179244648,0.0697172024800846,0.0544367799172775,0.0544525081061703,0.0545102147673084,0.0544367799172775,0.0545228869479154,0.0545102147673084
"MDA",2.2052795201363,1.79637374078376,1.894024268933,1.88062976715683,0.121594831733206,0.145252901179316,0.0975904693043793,0.104869701761853,0.108285440707709,0.0975904693043793,0.109943643053054,0.108285440707709
"MDG",3.72131320971248,2.98775495424567,3.02547057232267,3.016862505521,0.0184789507442733,0.0229119803321351,0.0177496032941389,0.0178307372578162,0.017983180179222,0.0177496032941389,0.0180517585691644,0.017983180179222
"MDV",2.27963937620259,2.15111977452596,2.14491018359634,2.1465336743198,0.0421769996762297,0.0445845353288424,0.0425029154458177,0.0425135417093471,0.0424240287001468,0.0425029154458177,0.0423960217516042,0.0424240287001468
"MEX",2.77729673891726,2.90582078142829,2.92891070900456,2.92900132682413,0.122079412339307,0.116278535580151,0.119172246620954,0.119301376914353,0.119667123484199,0.119172246620954,0.119665204153536,0.119667123484199
"MKD",1.89257165992026,1.96722188148664,1.96280170099413,1.96330511503704,0.109966770125058,0.106237176532561,0.110753771862546,0.110717188549387,0.11052533178939,0.110753771862546,0.110495904730291,0.11052533178939
"MLI",4.08836708805623,2.98775494055357,2.91560143380076,2.93329005782901,0.00605779073939362,0.00827086846043376,0.00649747927135184,0.00650063651481219,0.00638264612957219,0.00649747927135184,0.00634464386662762,0.00638264612957218
"MLT",2.22448013605545,2.06313091822177,2.06605451503184,2.06601106006301,0.17876710525821,0.190090179367753,0.177949359566404,0.17797894787331,0.178182700491352,0.177949359566404,0.178186216107837,0.178182700491352
"MMR",2.94978056986992,2.91512063539316,2.91625656240014,2.91597302762175,0.10405209140559,0.105159142905097,0.103944097569484,0.10394797618564,0.103974244500441,0.103944097569484,0.103984269411042,0.103974244500441
"MNG",2.98679675643047,2.86893848855467,2.87259112866683,2.87170172120871,0.0980666199357183,0.101685618215428,0.0977279824092111,0.0977420873987522,0.0978236040640799,0.0977279824092111,0.0978543522784136,0.0978236040640798
"MOZ",4.96075335426934,2.98775491833454,2.82911684125916,2.86759426291368,0.0050949412707657,0.00843107813941393,0.00596183221735857,0.00596107356077176,0.0057253096026758,0.00596183221735857,0.00564635104085556,0.0057253096026758
"MRT",3.04382545509313,2.91910234161765,2.92002216944381,2.91979832445999,0.0603233724747828,0.0627390766306872,0.0602705503119441,0.0602715014503535,0.0602847746011662,0.0602705503119441,0.0602893483746851,0.0602847746011662
"MUS",6.11888928049011,2.35232989252973,2.00443062773965,2.02738573896003,0.0257563141090238,0.0715891330828604,0.049195840255103,0.0499527826890866,0.0433651754554365,0.049195840255103,0.0428817873651899,0.0433651754554365
"MWI",3.46374734005942,3.00481237208988,3.03543849177533,3.02819876341149,0.0107473640684727,0.0123685419366853,0.0104058082307791,0.0104424985286568,0.0105143921873124,0.0104058082307791,0.0105478095570135,0.0105143921873124
"MYS",2.60379011367921,2.4475713716616,2.43572393925324,2.43876986140434,0.159353480710307,0.167817524306083,0.161138891761603,0.161252632060883,0.160737150196653,0.161138891761603,0.160597444000833,0.160737150196653
"NAM",3.12457846825706,2.98775486718988,2.96118224257906,2.96882528664392,0.0588746561760379,0.061405250666421,0.0600816749618206,0.0603147843500637,0.0598889510704079,0.0600816749618206,0.0598104382181105,0.0598889510704078
"NER",3.31636207682875,2.98775497251484,3.013784874685,3.00761337978813,0.00686480676667134,0.00761408114318685,0.00667691097726748,0.00669757574318612,0.00673696254233206,0.00667691097726748,0.00675553213590531,0.00673696254233205
"NGA",3.13901848229654,2.98775490348259,2.98839315608904,2.98823340855883,0.0880314005181922,0.0920778639455789,0.0879812075278157,0.0879820285777532,0.0879946744534414,0.0879812075278157,0.0879991696045603,0.0879946744534413
"NIC",2.80245113313389,2.30359673014139,2.34783270424187,2.3406261149999,0.0821876095167634,0.0982372749887177,0.0770296434661695,0.0777832823755643,0.0788155018575353,0.0770296434661695,0.0791587177467703,0.0788155018575352
"NLD",1.35172787594082,1.29078433970427,1.33782524965552,1.31984964335344,0.244217906815138,0.249557909959001,0.216058395446579,0.224669690428065,0.232420928535442,0.216058395446579,0.242184608157263,0.232420928535442
"NOR",1.10870261069774,1.07917615308747,1.11052435254245,1.10491214713731,0.287170060437115,0.282507690508032,0.211401189831761,0.270166345741096,0.273592002183202,0.211401189831761,0.286771021464587,0.273592002183202
"NPL",3.20621749717793,2.87428342644834,2.87118464836611,2.87195609475016,0.0354169670890846,0.0393461345950852,0.0355252955142164,0.0355233770533751,0.0354961177495583,0.0355252955142164,0.0354864381950131,0.0354961177495583
"NZL",1.20964835489926,1.1605362740547,1.23714865824011,1.21426974200316,0.350841029297042,0.31584703712447,0.252091932287465,0.303527280939379,0.321580836901056,0.252091932287465,0.349335941876373,0.321580836901056
"OMN",2.07547548867043,2.0697981373663,2.06999715236091,2.06994710003166,0.155487107448725,0.155847132947567,0.155449652219162,0.155450999255931,0.155460109195013,0.155449652219162,0.155463622462424,0.155460109195013
"PAK",2.42035578537368,2.16068885821456,2.19860473328692,2.19047961298549,0.0427943403125584,0.0476919951739102,0.0403177441785406,0.0407776246023513,0.0412200615826002,0.0403177441785407,0.0414635224175059,0.0412200615826002
"PAN",2.37837641187808,2.14153244384856,2.13940494869209,2.13983636318057,0.170548656613778,0.185904071527633,0.170987852931254,0.170979739267923,0.170869127722897,0.170987852931254,0.170838898789426,0.170869127722897
"PER",1.91884950488435,1.84133477912652,1.85055782307599,1.84872349936708,0.197297680871304,0.203909725216009,0.194567614446383,0.194934895583075,0.195491884694495,0.194567614446383,0.195720200420612,0.195491884694495
"PHL",2.44427825983311,2.24452676934538,2.28996012842268,2.28233243554756,0.276377286050872,0.293748375118561,0.260313084921446,0.264339090480257,0.266935488285666,0.260313084921446,0.268254449038675,0.266935488285666
"PNG",2.89154638831653,2.82736955027547,2.83138096123622,2.83042225910813,0.14417519595465,0.146966789780319,0.143634067890643,0.143671209605571,0.143795182216589,0.143634067890643,0.143845726050573,0.143795182216589
"POL",1.55591937778566,1.412601513762,1.45378078622464,1.44997366179316,0.176837888231878,0.191394067252438,0.156464169158912,0.163980420250252,0.166238162261837,0.156464169158912,0.1672056417849,0.166238162261837
"PRT",1.8915809166905,1.916128070616,1.9757449155507,1.96117803760935,0.126105928129676,0.114381961333209,0.116025475256484,0.115265489073367,0.118934682241751,0.116025475256484,0.11984698772678,0.118934682241751
"PRY",2.09171967631479,2.04564983622932,2.05716350844736,2.05497289904799,0.109687789753363,0.111881678115449,0.107537239553116,0.108091218263876,0.10842547011068,0.107537239553116,0.108633505375829,0.10842547011068
"QAT",1.99224639660315,1.97820847033141,1.97920827930157,1.97896561991975,0.16838151374719,0.169374014450349,0.168162696506247,0.168178838932405,0.16822846860267,0.168162696506247,0.16824953729782,0.16822846860267
"ROM",2.6037568494205,2.33629621059598,2.31932982996545,2.32200731314294,0.126946394903567,0.139452645278246,0.129498127979859,0.129609236485977,0.128901785304035,0.129498127979859,0.128789223949153,0.128901785304035
"RWA",4.46969271137079,3.01354365806959,2.90303532000695,2.93060704895298,0.00660304984764414,0.00976250566806803,0.00734200555994068,0.00734807656077695,0.00714718304831998,0.00734200555994068,0.00708052637244521,0.00714718304831998
"SAU",2.08474507382667,2.06159114317529,2.06303872723303,2.06268627241356,0.218173414017125,0.220084461987919,0.217805779135214,0.217830124090014,0.217914708333729,0.217805779135214,0.217949741351284,0.217914708333729
"SDN",3.14684331489739,2.98775491486311,2.98597917223771,2.98643031199457,0.0475393532566682,0.049944247074178,0.0476169397101082,0.0476168297904858,0.0475967540971897,0.0476169397101082,0.0475898760196711,0.0475967540971897
"SEN",3.89996843535781,2.98775492032474,2.94025028784401,2.95077844263475,0.0279251855604561,0.0361430727020761,0.0292568711235519,0.029258501767842,0.0289074303858238,0.0292568711235519,0.0288066991387001,0.0289074303858238
"SGP",2.44067975825332,2.39100673202812,2.39564675508061,2.3946382621147,0.458366552288098,0.463475626318031,0.456792198436942,0.456947111889915,0.457290209711818,0.456792198436942,0.457428241915163,0.457290209711818
"SLB",3.03230809003112,2.96318882807319,2.96571222453783,2.96509514218727,0.142664101947584,0.145507663565655,0.142350915544051,0.142364197559183,0.14243950287518,0.142350915544051,0.14246816017574,0.14243950287518
"SLE",4.24778833530605,2.9877549546381,3.01945554255178,3.01262343102426,0.0252860750384169,0.0355707101782167,0.0244339504724292,0.0245301424802197,0.0247088859134558,0.0244339504724292,0.0247839609651852,0.0247088859134558
"SLV",2.42537888450749,2.22816578166343,2.25194067077639,2.25230951499544,0.0869804853144959,0.0939557310116551,0.0831811514288777,0.0837271275822137,0.0845659920963756,0.0831811514288777,0.0845449786084908,0.0845659920963755
"SOM",4.1581308448603,2.98775493801413,3.02146533426213,3.01504703628535,0.0270332986032146,0.0372286593103294,0.0260369030965599,0.0261461640072825,0.026358278532079,0.0260369030965599,0.0264333693704656,0.026358278532079
"SRB",2.3776839243858,2.35232992377327,2.3564611643837,2.35570299169318,0.12803288545267,0.129234516116231,0.127320265754128,0.127438811581291,0.127576525212132,0.127320265754128,0.127634057817838,0.127576525212132
"STP",8.70749210017775,2.98775493138772,2.60704864643632,2.62244857241036,0.00856090961512871,0.032615533510767,0.0189592187354653,0.0187506029118391,0.016514598187565,0.0189592187354653,0.0164005448582169,0.016514598187565
"SUR",3.8693019423117,2.3721855468114,2.26604145699281,2.23851959931699,0.0567164922593018,0.109246244240172,0.0852171625405658,0.0858326655450555,0.0815088689634823,0.0852171625405658,0.0823081727620354,0.0815088689634822
"SVK",1.30249175057646,1.16381794601463,1.23347312573801,1.22914678029784,0.124630296774859,0.135262137779432,0.0819811714504454,0.105806698332674,0.108579466811062,0.0819811714504454,0.110241445484302,0.108579466811062
"SVN",1.33878768234941,1.31951122340935,1.32625979426752,1.31861048897328,0.152194545193091,0.159657849200667,0.152773279017395,0.150233670658601,0.15244665995893,0.152773279017395,0.155206292356976,0.15244665995893
"SWE",1.21675873035987,1.179515174788,1.21412560705173,1.20168226847797,0.312885464697757,0.320094095379472,0.273465893568419,0.294859003187537,0.301566850337704,0.273465893568419,0.316891451548742,0.301566850337704
"SWZ",2.74095351059627,2.65515821927926,2.66087574707338,2.65949911479853,0.0743451534654896,0.0765635171063398,0.0738860968235833,0.0739210613732558,0.0740245965670119,0.0738860968235833,0.074068450333503,0.0740245965670119
"SYR",2.29534018324925,2.16672297745006,2.16203860382159,2.16321056002949,0.0866507353396782,0.0913246061279539,0.0871395657635109,0.0871497711077264,0.0870182953192428,0.0871395657635109,0.0869777444493816,0.0870182953192428
"TCD",2.22402615050407,2.04358910268328,2.09979691196103,2.08923528492885,0.01021040057046,0.0111019110504672,0.00907000757169344,0.00945441839703255,0.00959187054178552,0.00907000757169344,0.0097119315668791,0.00959187054178553
"TGO",3.24133580506163,2.98775494866892,3.01427452750501,3.00833186632097,0.0587962569067075,0.0634697647031667,0.0571875245790284,0.0573935678970438,0.0577204006565294,0.0571875245790284,0.0578735157844919,0.0577204006565293
"THA",2.17264663554188,2.15061566879782,2.1504329276349,2.15047940926318,0.117493832567239,0.118554748964865,0.117519076231126,0.117519209209889,0.117512604660457,0.117519076231126,0.117510396853823,0.117512604660457
"TJK",2.34916451333214,2.33629623446669,2.33840016857828,2.33792630719238,0.0939092903722038,0.0943777241569845,0.0936470023838579,0.0936903781593073,0.0937398611386092,0.0936470023838579,0.0937668390174204,0.0937398611386092
"TKM",2.36001586326744,2.33629620741094,2.33479412393356,2.33519776014683,0.103675910191878,0.104618377973248,0.103837389744742,0.103847235528438,0.103800838129576,0.103837389744742,0.103787398206079,0.103800838129576
"TON",4.53134259503129,2.48323361815055,2.35673473276673,2.28703046383865,0.0695206381908344,0.130089708747204,0.0997061548876626,0.100736469350446,0.0939392014696646,0.0997061548876626,0.0960979731474934,0.0939392014696647
"TTO",4.8217153057844,2.26576923785596,2.075362143991,2.06283201876889,0.0588057318149347,0.142226470457476,0.100244955126341,0.100650809802848,0.092453728625526,0.100244955126341,0.0929789245192997,0.0924537286255261
"TUN",2.83750997792614,2.57681493030954,2.54643821911138,2.5528531494473,0.0960828004590916,0.104784871380128,0.0990156336980606,0.0993223519984077,0.098426225317272,0.0990156336980606,0.098266549464824,0.098426225317272
"TUR",2.38984816958764,2.37170212097905,2.36698371853135,2.37979514281528,0.0889418834898593,0.0884251235577436,0.0879383463403028,0.0894307901676768,0.0881563629705826,0.0879383463403028,0.0878105500655759,0.0881563629705826
"TZA",3.80293565327443,2.98775495743202,3.02318810360716,3.01486030105162,0.00916506475383563,0.0116365676155222,0.00882549225741101,0.00886253759752659,0.00893368441833094,0.00882549225741101,0.00896670002162436,0.00893368441833093
"UGA",3.52592900585912,2.98775493028626,2.96578876872159,2.97132788476286,0.0244908536005656,0.0287753660905803,0.0250019804212111,0.0250045460903253,0.0248700241273947,0.0250019804212111,0.0248252748539774,0.0248700241273947
"UKR",1.92443975489053,1.77945725475094,1.79612264331272,1.79273863573535,0.164407527776242,0.175452519440193,0.159988975962255,0.16063261692142,0.161509607564078,0.159988975962255,0.161893459447457,0.161509607564078
"URY",1.89430865046179,1.73050139694779,1.74798265231871,1.74476546569742,0.112029393579667,0.121347131498998,0.108503043940229,0.109008419959329,0.109717347415671,0.108503043940229,0.109988488235372,0.109717347415671
"USA",1.42409772893049,1.41078995057046,1.4642784981255,1.41593889594305,0.31426651569956,0.316290772068855,0.309255777341547,0.291639095610755,0.311993388631347,0.309255777341547,0.336755931664072,0.311993388631347
"UZB",2.4915728747017,2.36008699629884,2.34884645281425,2.3518294831487,0.0779659677770686,0.0819536521955813,0.078892570393265,0.07896149150246,0.0786889070535601,0.078892570393265,0.078614981490412,0.0786889070535601
"VCT",4.49729099315391,2.61309845813105,2.46863678994965,2.42956282800827,0.120916772004524,0.191415526983867,0.151950273272678,0.153690275968352,0.14483432369214,0.151950273272678,0.146437932751044,0.14483432369214
"VEN",1.95523464033643,1.86122630858884,1.87171757650912,1.8694426386878,0.201110191621942,0.209143582267001,0.198084944252183,0.198478429966896,0.199095824974752,0.198084944252183,0.199374148829415,0.199095824974752
"VNM",3.10199411277968,2.76067018022841,2.76692891525498,2.76551838473472,0.0647483176169264,0.0721758809377102,0.0643236550954618,0.064344289356385,0.0644453984400824,0.0643236550954618,0.0644807585967962,0.0644453984400823
"VUT",3.1890200354865,2.47849142398995,2.49661131013884,2.49258016134586,0.0292127189253528,0.0372751922970505,0.028549190821947,0.0286128987940064,0.0287569202067309,0.028549190821947,0.0288160556096154,0.0287569202067309
"WSM",4.01056438604903,2.47659344698375,2.47748835151388,2.47781543477876,0.0669880740928698,0.118377639695279,0.0764189169363754,0.0764289339234904,0.0764674186099324,0.0764189169363754,0.076454439674388,0.0764674186099324
"YEM",2.93031551539733,2.91998696339943,2.92046963169099,2.92035214187451,0.135390217869027,0.135804082225894,0.135331651251619,0.135334443053052,0.135348398265414,0.135331651251619,0.13535378564371,0.135348398265414
"ZAF",3.80931917409095,2.98775487772476,2.8294848572323,2.87183892436679,0.0412202094349921,0.0519658123105936,0.0468793804566119,0.0479863440574746,0.0459274566907805,0.0468793804566119,0.045560181435834,0.0459274566907805
"ZAR",3.89526514104042,2.98775498629684,3.02774791186347,3.01871505546581,0.0281888810484207,0.0364390631704457,0.0270151199586597,0.0271491467198851,0.0273931187438548,0.0270151199586597,0.0275025599849069,0.0273931187438548
"ZMB",3.37507765738376,2.9877549319392,3.0210704995103,3.01343284401041,0.041380078389746,0.0464950387612089,0.0399568218687197,0.0401288507791361,0.040420985633235,0.0399568218687197,0.0405581673157372,0.040420985633235
"ZWE",4.39763223769367,2.98775493770283,3.02038340095571,3.01360854654218,0.0387452790713858,0.0560046512196784,0.0374013429127641,0.0375580970806484,0.0378387787431023,0.0374013429127641,0.0379526921513309,0.0378387787431023
