iso,Lambda,LambdaNM,LambdaPESC,LambdaSC,Hr,Hn,HrNM,HrPESC,HnSC,Niih,Niil,Mh,Ml,L,N,LIC,LMIC,UMIC,HIC,mH,mL,HnNM,HnPE,HnGE
"AFG",3.1405690856831,2.95967236378979,3.0375142867676,3.02567456362608,0.0783798286710392,0.0827739067583507,0.0689656339019437,0.0730700888171076,0.0739470408366468,816943,9605930,65662.9999999928,174317.00000327,10422873,10662853,1,0,0,0,0.074396729684585,0.0178233739907867,0.0689656339019437,0.0748480514199722,0.0739470408366467
"AGO",3.33838701038113,2.6987645043178,2.88615123009157,2.85431716365864,0.0296867251405192,0.0364660750317115,0.0218330157034458,0.0244841861053191,0.0254061589427163,195932,6404055,52367.0000000049,156687.000000522,6599987,6809041,0,1,0,0,0.210902983902492,0.0238825120695986,0.0218330157034458,0.0261397888114972,0.0254061589427163
"ALB",2.60067531008983,2.21225122166717,2.19270336548067,2.19193994308577,0.0781801107028637,0.0906623687502347,0.0807175808007676,0.0807805797322155,0.0801005822858335,144520,1704032,89656.9999999984,644748.000000077,1848552,2582957,0,0,1,0,0.382859973438888,0.274503359190761,0.0807175808007676,0.0801239796164606,0.0801005822858335
"ARE",2.08505777430682,2.08054890775924,2.08069400173901,2.08065744789258,0.156690535481182,0.156976802781246,0.156663277859253,0.156664174395857,0.156670841180475,4549306,24484394,14346.9999998796,24102.0000013301,29033700,29072149,0,0,0,1,0.00314375347991612,0.000983414078176406,0.156663277859253,0.156673388157292,0.156670841180475
"ARG",1.92299807640412,1.79473960505284,1.80671798005078,1.80409404426121,0.11398459869013,0.121143538932337,0.111763944215119,0.112032846820074,0.112493125389731,2670358,20757000,235953.999999987,327336.000000785,23427358,23990648,0,0,1,0,0.0811867411344642,0.0155250798507852,0.111763944215119,0.112696305866058,0.112493125389731
"ARM",2.44327078414016,2.20477441572119,2.20092867806584,2.20172814640265,0.191109170989225,0.207492513540827,0.191941015818734,0.191933256346727,0.191720587872378,346733,1467586,54244.0000000008,63926.000000087,1814319,1932489,0,0,1,0,0.135279579626764,0.0417404499606186,0.191941015818734,0.191662637288292,0.191720587872378
"AUS",1.2130355011056,1.18081921032254,1.23780452333075,1.21374008769869,0.318914993367803,0.301325524653081,0.262735410259985,0.289865756432569,0.302146618160952,4252854,10130002,172582.00000003,131123.999999925,18251870,14686562,0,0,0,1,0.0389977394317826,0.0127787145387285,0.262735410259985,0.329629063314347,0.302146618160953
"AUT",1.2433440317902,1.20289475512893,1.22531326737063,1.21668086143603,0.213739161101908,0.228935601282447,0.197300024040837,0.204591537755509,0.20831849329362,1558015,5423912,117666.999999988,219852.99999998,7763589,7319447,0,0,0,1,0.0702203640070062,0.0389550238183163,0.197300024040837,0.215091663524997,0.20831849329362
"AZE",2.34923546425865,2.26576925929741,2.2623906324282,2.26325328834957,0.132265627097848,0.136473066506169,0.132746969224299,0.132762071618821,0.132630384263181,802880,5267329,36095.0000000159,41246.0000000648,6070209,6147550,0,0,1,0,0.0430227360767793,0.0077696933734693,0.132746969224299,0.132590350851346,0.132630384263181
"BDI",3.73638206365629,2.9173331455026,3.18791737304577,3.14052368055553,0.0114164942706562,0.014574989015343,0.00736920519098369,0.00886694824032618,0.009268320334049,35716,3092740,10192.9999999999,11198.9999996623,3128456,3149848,1,0,0,0,0.222026182230062,0.0036079961621869,0.00736920519098369,0.00968140036511285,0.00926832033404899
"BEL",1.2382451352996,1.20935449779382,1.23591930787097,1.222660476738,0.301571749186533,0.311711496979467,0.280455577439386,0.288080602594342,0.295034409856489,2342123,5295176,147877.999999978,202982.000000091,8433343,7988159,0,0,0,1,0.0593887311691756,0.036918182416746,0.280455577439386,0.309249337667571,0.295034409856489
"BEN",3.58136455893804,2.93147514036491,3.09779014184597,3.06567668369235,0.0137170412444351,0.0167072158363531,0.0108571076080448,0.0117271231974764,0.0120901857034664,50275,3614874,11350,12026.9999991073,3665149,3688526,0,1,0,0,0.184178498985802,0.0033160541186835,0.0108571076080448,0.0123842129880798,0.0120901857034664
"BFA",3.26613480182901,2.98775494164595,3.06915390486502,3.0534926058876,0.00943627721812527,0.0103064275292873,0.00842531356851933,0.00874270564913931,0.00887242637578496,49530,5199362,4736.00000000087,11629.9999976391,5248892,5265258,0,1,0,0,0.0872737994324415,0.00223182073540683,0.00842531356851933,0.00897875495162309,0.00887242637578496
"BGD",2.88692122565318,2.80131182052836,2.83381809388607,2.82817466877243,0.0737554339252992,0.0758384946115259,0.070121472346422,0.0715210074898576,0.0719141402905754,5265208,66122183,182889.000000271,267868.000009027,71387391,71838148,0,1,0,0,0.0335693362288283,0.00403476117240861,0.070121472346422,0.0722909373303789,0.0719141402905754
"BGR",1.27139808493869,1.27757857778856,1.27429691448849,1.27460136359602,0.199404913057055,0.198631870490656,0.202172476815197,0.200709083167342,0.20047121252079,977645,3925168,102270.00000001,431682.999999949,4902813,5436766,0,0,1,0,0.0947018978345611,0.0990814237163375,0.202172476815197,0.200296793677742,0.20047121252079
"BHR",2.10458172821097,2.06518346504867,2.06681269114098,2.06641467977293,0.180163307727532,0.182971468749741,0.179811345967261,0.179828075235642,0.1799119253574,280128,1274728,6643.00000000348,5799.9999999256,1554856,1567299,0,0,1,0,0.0231648248951375,0.00452938163001949,0.179811345967261,0.179944413747667,0.1799119253574
"BHS",2.91913091945929,2.10605060015538,2.06358952407594,2.06967246517772,0.110226990650081,0.146545897532408,0.117065474559567,0.11697509691674,0.115205133196119,23979,193563,12229.9999999999,17311.0000000031,217542,247083,0,0,0,1,0.337761330056062,0.0820916755977651,0.117065474559567,0.114887656895771,0.115205133196119
"BIH",2.58577151389113,2.26576926901346,2.24625857528763,2.2479647794435,0.0851154994763856,0.0959828250041924,0.087434318255317,0.0875225521944272,0.0868872173849445,243343,2615631,94918.999999999,570299.999999957,2858974,3524193,0,0,1,0,0.280607931130304,0.179005760011738,0.087434318255317,0.0868343333227162,0.0868872173849445
"BLR",1.63174351106451,1.56258885151506,1.57985980724809,1.57665010988764,0.172869036905006,0.179149016914061,0.166598825037112,0.168291909985571,0.16923983278542,1774445,8490233,119502.999999997,187732.999999405,10264678,10571914,0,0,0,1,0.0630972972858795,0.0216332951753216,0.166598825037112,0.169836092877822,0.16923983278542
"BLZ",3.71330449628893,2.33678273003508,2.22655595609058,2.22561603500032,0.0966934671900308,0.145372161131679,0.113811400527071,0.114401519832691,0.109558850864535,13253,123809,13055,30853.0000000002,137062,180970,0,0,1,0,0.49623688611829,0.199486622441196,0.113811400527071,0.109596586425868,0.109558850864535
"BOL",1.60684230540959,1.62052246530844,1.61049607012713,1.6112065089833,0.142704876293687,0.141670856649251,0.151383957062048,0.144999013319135,0.144731992020305,580665,3488327,24847.9999999749,180243.000000156,4068992,4274083,0,1,0,0,0.041036278329243,0.0491316780108206,0.151383957062048,0.14423127853514,0.144731992020305
"BRA",3.56742942408336,3.49327597030624,3.47553095861728,3.48077894792914,0.0936258266239455,0.095423618428861,0.0946346568508753,0.0948773032169103,0.0944983838046682,9979212,96606891,267619.000000015,528822.999998982,106586103,107382545,0,0,1,0,0.0261172454195853,0.00544416649883257,0.0946346568508753,0.0944408652329058,0.0944983838046682
"BRB",3.81195380772731,2.10554190336802,2.01880660941598,2.00779867884984,0.115384822491102,0.191033160219675,0.135975143765968,0.135544746688787,0.129987570833909,21428,164281,29775,52548.0000000002,185709,268032,0,0,0,1,0.581508895963127,0.24234765644817,0.135975143765968,0.130690868225684,0.129987570833909
"BRN",2.02153602297819,1.87942511380124,1.8885958088457,1.88655813087612,0.129069183418406,0.137486830037369,0.12731006365712,0.127470645783069,0.127857415952323,33150,223689,3127.00000000001,3892.0000000003,256839,263858,0,0,0,1,0.0861978664167381,0.0171016033851697,0.12731006365712,0.12801301797362,0.127857415952323
"BTN",3.07658918135888,2.91512062654889,2.96931513422245,2.95968492110036,0.0519271190686226,0.0546461868669931,0.0479955289375275,0.0493596548477525,0.049834073332232,19072,348212,1296.00000000007,4145.00000000079,367284,372725,0,1,0,0,0.0636292223095085,0.0117636374472504,0.0479955289375275,0.0502311977271623,0.049834073332232
"BWA",3.08638692736485,2.98775487383274,2.96812965662161,2.97384734147644,0.0431052797632954,0.0444650019320991,0.0437614493287783,0.0438916127600695,0.0436584912859969,122142,2711432,4319.00000000061,6163.99999846678,2833574,2844057,0,0,1,0,0.0341528218185892,0.00226818114188672,0.0437614493287783,0.0436158831526051,0.0436584912859969
"CAF",3.89147054320759,2.93103371375558,3.23086257176947,3.17784768480883,0.00956587573382725,0.0126607224262468,0.00593433141570299,0.00724140834051816,0.00760784592437933,16754,1734680,5603.00000000005,8817.99999987695,1751434,1765855,1,0,0,0,0.250615019904283,0.00505764847443298,0.00593433141570299,0.00797625668722191,0.00760784592437933
"CAN",1.1719210942624,1.16840559179396,1.20321077799019,1.17323500021237,0.504138988396655,0.497861295969861,0.489148190341476,0.482188996147498,0.501104381984563,11822846,11960301,526590.999999866,495237.000000194,29426514,24804975,0,0,0,1,0.0426408912406182,0.0397603861029684,0.489148190341476,0.573168870169565,0.501104381984562
"CHE",1.55235319648885,1.47776358654538,1.56580956934564,1.5368412818351,0.232547032840048,0.217127500248688,0.197286144865086,0.202418046988497,0.213159841158216,1196416,4531521,137233.000000003,277069.000000057,7056293,6142239,0,0,0,1,0.102900388333065,0.0576195932695565,0.197286144865086,0.220505713259315,0.213159841158216
"CHL",2.03256679201687,1.96722184590335,1.98760293351499,1.98564056894369,0.137095718603184,0.137114320541482,0.132703459991414,0.133570398767377,0.133976127713518,1279849,8321865,66938.9999999927,153719.99999994,9756045,9822373,0,0,0,1,0.0497027000537521,0.0181368011765489,0.132703459991414,0.134110329691227,0.133976127713518
"CHN",1.36033987976765,1.33563006879596,1.34597146628596,1.34426124959223,0.0810843292331025,0.0824607297425965,0.0782270492468068,0.0794518697549498,0.0797235695769064,66460859,753190233,1361433.9999983,1467376.99996558,819651092,822479903,0,0,1,0,0.0200735472036945,0.00194442748674538,0.0782270492468068,0.080017817823136,0.0797235695769063
"CIV",3.33860234328055,2.98775492858084,3.08988522425387,3.07103272065561,0.0380283985415369,0.0423050959398386,0.0330368287598623,0.0346173038815316,0.035256944239067,302660,7656129,39136.9999999983,81407.9999991917,7958789,8079334,0,1,0,0,0.114503638124379,0.0105211774753635,0.0330368287598623,0.0357583120722122,0.035256944239067
"CMR",3.77878602627884,2.98775492710858,3.17526820274395,3.13994016016185,0.0298982740563108,0.0375170943524476,0.0232007215658054,0.0251640846764037,0.0260447963294973,210419,6827412,58267.9999999975,65622.9999989592,7037831,7161722,0,1,0,0,0.216861999277961,0.00952018958252196,0.0232007215658054,0.0267012279980924,0.0260447963294973
"COG",3.14695640042356,2.98775489912355,3.03906325646733,3.02975257888604,0.0489396666369806,0.0514133278356583,0.0455706762730606,0.0466949232683301,0.0471164133033925,212666,4132807,13772.9999999957,45039.9999995058,4345473,4404286,0,1,0,0,0.0608243279646868,0.0107806724371442,0.0455706762730606,0.0474587530724268,0.0471164133033925
"COL",2.97406946384753,2.90759304476392,2.89800375130886,2.90045637416894,0.167592978054953,0.17077032507283,0.168792517796793,0.168963076439105,0.168574798574105,3850659,19125596,218505.999999943,633529.999997695,22976255,23828291,0,0,1,0,0.0536979945516938,0.0320626529735017,0.168792517796793,0.168499728546884,0.168574798574105
"COM",3.83776681609486,2.98775495799861,3.25008146572481,3.21716454665665,0.0384391445526817,0.0488409059461576,0.0251037220344185,0.029731969531695,0.0313451853471368,10299,257631,4173.00000000013,24206.0000000545,267930,296309,1,0,0,0,0.288349917081269,0.0858865230613955,0.0251037220344185,0.0322582430044341,0.0313451853471368
"CPV",4.56928753191555,2.5674762566356,2.84588993185122,2.87283885606322,0.0280931903291657,0.0489252592695258,0.0149881585208513,0.0181174138581522,0.0205363097266405,6069,209962,10169,105693.999999998,216031,331894,0,1,0,0,0.626247074762901,0.334839192031826,0.0149881585208513,0.020042665489516,0.0205363097266405
"CRI",2.04803198578853,1.98499659259549,1.98828563267765,1.98754783581528,0.154635823768279,0.158766785998379,0.153956068921944,0.153998806012402,0.154156699146316,395277,2160903,23465.0000000017,57820.9999998478,2556180,2637466,0,0,1,0,0.0560368914510647,0.02606047439873,0.153956068921944,0.154214623645899,0.154156699146316
"CUB",2.80824542293441,2.1516238476321,2.40393118024287,2.38060144787668,0.0956212214925367,0.121263794874631,0.0499340378719737,0.0684756050988549,0.0733864489756577,737751,6977597,332425.999999996,777424.000000611,7715348,8825198,0,1,0,0,0.310627120560427,0.100247826537235,0.0499340378719737,0.0758958853096153,0.0733864489756577
"CYP",1.82454513098331,1.74817102707399,1.76267301207311,1.76116928529787,0.299666541424009,0.308716707021792,0.292359546672179,0.293857303722317,0.295243581172384,229698,536814,49271.9999999999,87860.0000000012,766512,903644,0,0,0,1,0.176621142058285,0.14064936270759,0.292359546672179,0.295574480882584,0.295243581172384
"CZE",1.13928224875785,1.08729319761404,1.12674537198626,1.12347529676106,0.144596995401425,0.14839930126201,0.0974543317984427,0.132047117690122,0.133408643372163,1180622,7099041,90781.0000000081,197002.000000065,8708784,8567446,0,0,0,1,0.0714022225840336,0.0270012114786144,0.0974543317984427,0.136544353073751,0.133408643372164
"DEU",1.22232073490992,1.18798053219461,1.21067852687003,1.20158484684528,0.261352921248442,0.276591157752525,0.240628493906649,0.250555564400046,0.255121430870003,16571914,44595809,1169075.99999999,1804767.00000009,67221311,64141566,0,0,0,1,0.0658968862504287,0.0388953576783204,0.240628493906649,0.264627476358396,0.255121430870003
"DJI",3.43204810844865,2.63254655105486,2.85910167161048,2.81878549803363,0.022226084069534,0.0287818433751234,0.0151725319240406,0.0175656358071883,0.018355312039099,8569,376969,2710.00000000008,3630.99999992464,385538,391879,0,1,0,0,0.240269527440383,0.00954019968451035,0.0151725319240406,0.0190485267782606,0.018355312039099
"DNK",1.38697692230583,1.3107968789506,1.35977129282902,1.34923027134628,0.22609496840859,0.228497331879254,0.194180919046239,0.2075509005084,0.211978154529721,777552,2777919,69340.0000000033,81542.9999999933,3816069,3706354,0,0,0,1,0.0818758472154694,0.0285169028299706,0.194180919046239,0.216683549194432,0.211978154529721
"DOM",1.82305802181554,1.71997353505857,1.73307267556512,1.7315200663883,0.139061184898641,0.146177335861172,0.135532937025126,0.136061459060746,0.136788250891777,695748,4307431,157238.999999988,674870.999999996,5003179,5835289,0,0,1,0,0.184339268945468,0.135453651745718,0.135532937025126,0.136955771378524,0.136788250891777
"DZA",2.75720242551484,2.54359635438282,2.62990912139624,2.61865613487332,0.103780939316894,0.111524283395874,0.0881627240342493,0.0946330647942416,0.096302986411664,1990238,17187060,307128.000000069,1115266.99999879,19177298,20599693,0,1,0,0,0.133687013736631,0.0609358034089756,0.0881627240342493,0.0975310889487694,0.096302986411664
"ECU",1.91565250746511,1.90392751826161,1.91130846506113,1.91072985538051,0.17204624474564,0.17292254597396,0.167410993725074,0.170324493787672,0.170599594106916,1295661,6235227,133949.000000037,602506.000000281,7530888,8267343,0,1,0,0,0.0936961828750759,0.0881148766704229,0.167410993725074,0.170871963845255,0.170599594106916
"EGY",2.28965987878702,2.20477444828158,2.24981715886331,2.24372683000379,0.126023835530619,0.130243900767276,0.112609946343201,0.119732367212638,0.120614985255116,4658892,32309448,205656.999999781,175536.999997439,36968340,37349534,0,1,0,0,0.0422766838199761,0.00540363494080232,0.112609946343201,0.121880324434159,0.120614985255116
"ERI",4.07246237695561,2.9164481042548,3.25502007942399,3.20023552159624,0.0222407219909751,0.0307850503299138,0.0128950719554198,0.0161490711629076,0.0171468210447397,44482,1955543,19437.0000000007,56837.9999993342,2000025,2076300,1,0,0,0,0.304087986357745,0.0282441545608581,0.0128950719554198,0.0179900982120805,0.0171468210447397
"ESP",1.37882056663496,1.35903960288671,1.38693281381511,1.37624349268121,0.190631100833412,0.186068428496427,0.17891927741621,0.181678292305185,0.18514867649109,6740901,29916363,205480.000000021,469655.999998687,40889393,37332400,0,0,0,1,0.0295808709600037,0.0154563189076755,0.17891927741621,0.188941357489004,0.18514867649109
"EST",1.54736989663063,1.52422987338433,1.55123961746319,1.53959591996019,0.315014655907098,0.311739792058407,0.303093604464387,0.303656768775557,0.308864064007202,303699,680687,21410.9999999993,37091.9999999961,1036101,1042889,0,0,0,1,0.0658577096982538,0.0516760729973935,0.303093604464387,0.313160523788749,0.308864064007202
"ETH",3.27037441885393,2.98775494493828,3.09912487836564,3.08055554992356,0.0248488878948873,0.0271356256732945,0.0207540263365372,0.0224178214023276,0.0228168926579073,754965,29627280,76354.9999999891,177141.000014783,30382245,30635741,1,0,0,0,0.0918479045373491,0.00594344711527134,0.0207540263365372,0.0232340407910695,0.0228168926579073
"FIN",1.51972246498395,1.55506543651596,1.54233241279125,1.53665684376421,0.385200470661708,0.385123005306595,0.401964567157427,0.391131073319367,0.393289211613238,1459676,2277513,70120.0000000071,164917.999999984,3868596,3972227,0,0,0,1,0.0458361768497284,0.067522071247861,0.401964567157427,0.395985999480673,0.393289211613238
"FJI",4.13287134019967,2.48038875237503,2.81690228045749,2.82700745498975,0.123775908024994,0.190526609876627,0.0604713015444423,0.0781003301532979,0.0885981307121931,50988,360950,56078.9999999996,93936.0000000148,411938,561953,0,1,0,0,0.523774832581464,0.206504486838493,0.0604713015444422,0.0877662189617568,0.0885981307121931
"FRA",1.40672944631055,1.35535494465296,1.4035146209949,1.3761944945503,0.227508687203152,0.232644650615833,0.210963514646441,0.210007674614828,0.219953386638252,9558855,32724036,551245.000000004,623128.000000244,48388416,43457264,0,0,0,1,0.0545241886826049,0.0186860867688852,0.210963514646441,0.231334479882913,0.219953386638252
"FSM",2.69757626189426,2.48370759520736,2.46929538519855,2.46892508001553,0.138054136000196,0.148180273313035,0.140663909475853,0.14081318245957,0.140096267129776,5646,35251,2725,12870.0000000003,40897,56492,0,0,1,0,0.325528610679727,0.267450801105552,0.140663909475853,0.140110569686001,0.140096267129776
"GAB",2.794740374987,2.26576928186619,2.47311987307136,2.44112667574099,0.0443961100187349,0.0541991522367968,0.0277645264308825,0.0347166526815759,0.0361876634201592,32536,700321,8047.99999999993,7889.00000007486,732857,748794,0,1,0,0,0.198304750640645,0.0111393513224536,0.0277645264308825,0.0377737175427951,0.0361876634201592
"GBR",1.5289628862149,1.42645697252865,1.52759841969439,1.49614115038659,0.271011042700924,0.255512562383147,0.220800749135639,0.23162673666034,0.244915730771174,11388743,35567978,1450392.00000003,1841433.99999981,53082575,50248547,0,0,0,1,0.112966488786046,0.0492238156536599,0.220800749135639,0.255081102184325,0.244915730771174
"GEO",1.71600039288169,1.76027465306471,1.74428001132306,1.74673020406749,0.489857505845606,0.483493709698077,0.500478040702265,0.496723525705531,0.495373578088778,1445328,1505179,57120.0000000539,99855.0000000577,2950507,3107482,0,0,1,0,0.0380179546979688,0.0622136353498167,0.500478040702265,0.494441712733251,0.495373578088777
"GHA",2.91622472923928,2.40784379385206,2.59525769445276,2.5657499738585,0.0479611986506764,0.0575051879456819,0.0328360140293695,0.0388495208621565,0.0403221462906211,465336,9237007,107699.00000001,154884.999999959,9702343,9964927,0,1,0,0,0.187944889928206,0.0164913523281527,0.0328360140293695,0.0417471265645277,0.0403221462906211
"GIN",3.34357131407992,2.98775495526076,3.1239258190447,3.10127904108014,0.0248335312509494,0.0277090464005303,0.0199493332371095,0.0218955886774669,0.0223797886343519,94001,3691244,12172.9999999981,34327.0000000951,3785245,3831745,1,0,0,0,0.114651421251889,0.00921388962929308,0.0199493332371095,0.0228706858237543,0.0223797886343519
"GMB",3.76875659845896,2.89783934333422,3.10468026047534,3.07098161008103,0.0388719522819813,0.0499707496007716,0.0287864715877534,0.0317799785214135,0.0331295156464374,27886,689495,10039.9999999999,31543.0000000659,717381,758964,0,1,0,0,0.264726045456941,0.0437466541292774,0.0287864715877534,0.0339712984056643,0.0331295156464374
"GNB",4.96770714310919,2.98775496744487,3.41434291070446,3.3452832995104,0.0106890961740847,0.017647634173719,0.00558061734078778,0.0071771291521239,0.00776198564649212,6541,605391,4825.99999999999,27351.0000002651,611932,644109,1,0,0,0,0.424562329550452,0.0432261490469498,0.00558061734078778,0.00819347454389022,0.00776198564649212
"GNQ",3.20621505242836,2.48891906036661,2.39531031829368,2.4166646600633,0.0442840017251743,0.0563275858178524,0.0489695664748899,0.0494555911140665,0.0479862278930917,13040,281423,4433.99999999999,11323.9999999992,294463,310221,0,0,0,1,0.25374842623326,0.0386818652283345,0.0489695664748899,0.0476842508307789,0.0479862278930917
"GRC",1.29439069588701,1.28135754056719,1.28995193180267,1.28819294405286,0.184253056893219,0.185003090969513,0.178611129531519,0.181211595048717,0.181979603515225,1636872,7284282,123397.999999984,470262.000000162,9909898,9514814,0,0,0,1,0.0701017457549035,0.0606434111406373,0.178611129531519,0.182840654085161,0.181979603515225
"GRD",4.79512078906567,2.34796169971911,2.21988364494735,2.15462924773833,0.110295379569421,0.202026554147945,0.146544306213645,0.147173885307613,0.136789388623985,5784,46657,14134,32016,52441,98591,0,0,1,0,0.70960939853399,0.40695028790055,0.146544306213645,0.140271874989878,0.136789388623985
"GTM",3.521950115971,3.31605225092637,3.2738699478034,3.28228435597744,0.0499533836848826,0.0528910018993195,0.0515888076288594,0.0519284869476362,0.0513596496820719,269611,5127641,49073.9999999968,578990.000000818,5397252,6025316,0,0,1,0,0.153989048747185,0.10145916215729,0.0515888076288594,0.0513018115243262,0.0513596496820719
"GUY",7.04924842676442,2.74434180219015,2.98843859085852,3.10529964437852,0.0936028808744782,0.209649963774215,0.0496297117165898,0.0570599769416923,0.0676430885080141,32985,319408,110251,220570.999999991,352393,683215,0,1,0,0,0.769715713926667,0.408480700175361,0.0496297117165898,0.0618214459065844,0.0676430885080141
"HND",4.23125679661128,3.57396494507682,3.68621296451925,3.67143063821376,0.0531513681667189,0.0623173352900418,0.047038132439952,0.0483276283748138,0.0494128609407829,169782,3024529,55871.9999999979,370863.999999812,3194311,3621047,0,1,0,0,0.247600308436801,0.109225647811553,0.047038132439952,0.0497699185870394,0.0494128609407829
"HRV",2.28463076328715,2.24304148742982,2.24199298201615,2.24215420468206,0.137134951882622,0.139323379649607,0.137312483071324,0.137316199975761,0.137268769030233,485328,3053726,79691.0000000056,436704.999999885,3539054,4055450,0,0,1,0,0.141041274718205,0.125114921337762,0.137312483071324,0.137260822307239,0.137268769030233
"HTI",6.15772159603489,2.97767577271808,3.45649925026838,3.40775346706601,0.0292015403434316,0.0585613840558147,0.0135775784595235,0.0179701651201877,0.020048373560005,124113,4126108,160450.000000001,448554.999997976,4250221,4859226,1,0,0,0,0.563847021573434,0.0980520313732347,0.0135775784595235,0.0207997427649139,0.020048373560005
"HUN",1.46857532984529,1.34180740932799,1.39838628174505,1.39179579586497,0.134804508439591,0.139497444264472,0.111371571226374,0.121052167930999,0.123074282035525,1064947,7189852,138533.999999989,233929.000000172,8574053,8627262,0,0,1,0,0.115111081936474,0.0315107625076995,0.111371571226374,0.124554745923857,0.123074282035525
"IDN",2.6944780990789,2.65285485214146,2.64694581191001,2.64861780172502,0.0657578604105989,0.0667207616494521,0.0661029622210303,0.0661513016731001,0.0660389842382673,8143123,115691852,139076.999999729,158224.000079684,123834975,124132276,0,0,1,0,0.016792277414181,0.00136576518154105,0.0661029622210303,0.0660136814153156,0.0660389842382672
"IND",2.78673603773066,2.67722900666771,2.72137746733637,2.7139478075725,0.0810890268676146,0.0841267901405198,0.0752761261660613,0.0776561982621279,0.0782358314538191,48549857,550173039,2087376.00000093,1105395.00017549,598722896,601915667,0,1,0,0,0.041222157616727,0.00200514827354101,0.0752761261660613,0.0788358212043859,0.0782358314538191
"IRL",1.48044850544864,1.52130708868161,1.54613278449527,1.50914441502186,0.404190710108615,0.394146326101531,0.416179499412184,0.390509689888095,0.409745436451222,1172767,1754278,254036.000000005,438901.999999988,3457457,3619983,0,0,0,1,0.178045602651526,0.200121285074635,0.416179499412184,0.428998131817449,0.409745436451222
"IRN",2.69816939570572,2.51254942260692,2.49328881577238,2.49831194550996,0.1186302112745,0.126287481162628,0.120793471946528,0.120992585121803,0.120338357874407,5147679,38244969,432555.999999978,361558.999996019,43392648,44186763,0,0,1,0,0.0775157318643351,0.00936522963152809,0.120793471946528,0.120176548512513,0.120338357874407
"IRQ",2.49141691750735,2.35960245846665,2.42340162601145,2.41496348515061,0.146872285053211,0.153815000816231,0.128060982463647,0.137220062807716,0.138762568712976,1831206,10636810,161604.999999951,326274.000001831,12468016,12955895,0,1,0,0,0.0810939923554972,0.0297611511507009,0.128060982463647,0.140409290297818,0.138762568712976
"ISL",1.90362450386162,1.721637659575,1.77299002726444,1.7481858229316,0.302641927553509,0.325528965452599,0.287448707730459,0.283075439054639,0.293497770046589,54840,125635,11147.0000000001,11084.9999999999,202163,202707,0,0,0,1,0.168927212935883,0.0810781158572254,0.287448707730459,0.298985773029727,0.293497770046589
"ISR",1.34065159443849,1.28198693665171,1.3856108753772,1.33402372643759,0.343449060962782,0.323000531652984,0.279610921011593,0.293152316191317,0.318289640087542,1313064,2878083,101896.999999998,87633.0000000285,5375985,4380677,0,0,0,1,0.0720139989724086,0.0295486823418117,0.279610921011593,0.353766520938274,0.318289640087543
"ITA",1.45750401346314,1.401717335981,1.41996350699887,1.42440204928779,0.110100141430927,0.111342200795258,0.101656413106296,0.106369394043603,0.105686504665455,4775186,39629114,398263.000000023,1661841.0000006,48184652,46464404,0,0,0,1,0.076982106134616,0.0402470952779029,0.101656413106296,0.104908100338427,0.105686504665455
"JAM",4.20725541017583,2.73297799320776,2.99822636805603,3.03865380216185,0.154460539997849,0.21949400174542,0.0906837412114946,0.106057342286574,0.1188926716287,224003,1226225,281529.000000003,571413.000000083,1450228,2303170,0,1,0,0,0.556896497155477,0.317868781145082,0.0906837412114946,0.115165268386529,0.1188926716287
"JOR",2.04515154101126,1.95568395118103,1.9632693086812,1.96160138560308,0.217229554258109,0.224931949708882,0.215086423135847,0.215301240578092,0.215765347506688,624843,2251575,40447.0000000122,40873.9999999956,2876418,2957739,0,0,1,0,0.0607960438305283,0.0178298404893612,0.215086423135847,0.215955973779743,0.215765347506688
"JPN",1.40796911244553,1.39808119944699,1.404418786792,1.40239723537477,0.331655943870863,0.332949326263159,0.327177369122192,0.328781486573728,0.329706816174089,31851163,64263846,334213.000000333,218269.000000929,96665088,96667491,0,0,0,1,0.0103840017280001,0.00338495410705634,0.327177369122192,0.3308862161073,0.329706816174089
"KAZ",1.86387481248365,1.9208930578206,1.91336614793066,1.91470794034301,0.232566519911179,0.227231855967403,0.23503966289162,0.234740170144775,0.234215188120023,2325948,7675268,132952.000000022,686938.000000063,10001216,10821106,0,0,1,0,0.0540697059660912,0.0821479403879865,0.23503966289162,0.234035623880372,0.234215188120023
"KEN",3.77247280475559,2.98293625403732,3.17084263238884,3.13527399196916,0.0295182335053084,0.0370418395947257,0.0228836787894957,0.0248347968238512,0.0257033557110545,437448,14382138,120169.000000009,113952.000001208,14819586,15053707,0,1,0,0,0.215504548821161,0.00786087834727902,0.0228836787894957,0.0263579986839426,0.0257033557110545
"KGZ",1.92745701667257,1.90020767451645,1.91728318692448,1.91533877950653,0.109958671144165,0.111359904096924,0.103334444014441,0.107473567014505,0.10776041839501,491063,3974824,7962.00000001344,7342.00000084737,4465887,4481191,0,1,0,0,0.0159551124693421,0.00184372022684322,0.103334444014441,0.108334711848636,0.10776041839501
"KHM",3.85874578586536,2.87116608116398,3.09446274982261,3.05524279476437,0.0196561848286401,0.0262398098071511,0.0141813969757989,0.0157981221700983,0.0165113756560662,130992,6533170,50591.0000000003,205380.999998408,6664162,6920134,0,1,0,0,0.278610883177392,0.0304785108843738,0.0141813969757989,0.0170058812650408,0.0165113756560662
"KWT",1.99531119559972,1.84564349393135,1.85907082954087,1.85613988662378,0.16403567051169,0.175009732195667,0.160750912264108,0.16114161210294,0.161825880177249,286403,1459577,26942.9999999968,17526.0000000436,1745980,1790449,0,0,0,1,0.0859848218901689,0.0118651170568631,0.160750912264108,0.162123879083974,0.161825880177249
"LAO",3.64156936355015,2.80131180492302,3.01159851231421,2.98278458891479,0.0487729955853479,0.062488351413836,0.0350379204029824,0.0392338090946903,0.0410945362260736,124798,2433954,50888.0000000026,201859.999999906,2558752,2811500,0,1,0,0,0.289653131154461,0.0765835525571628,0.0350379204029824,0.0420551227018233,0.0410945362260736
"LBN",2.67111989820062,2.21673215316105,2.19955491694332,2.20200694616697,0.170323777308052,0.198313166446219,0.173987915590357,0.173986337335301,0.173031675771474,435445,2121127,147490.999999995,235409.000000001,2556572,2939472,0,0,1,0,0.253014053000664,0.0998962035801708,0.173987915590357,0.172871200001285,0.173031675771474
"LBR",7.68447209073432,2.93324097025277,3.45213103325061,3.36906646826271,0.00967544653953449,0.024956504452203,0.00434450532923879,0.0059227030187341,0.00653364706867467,14286,1462235,24127.9999999999,38589.000000075,1476521,1539238,1,0,0,0,0.628104336960482,0.025711875609715,0.00434450532923879,0.00696313319528464,0.00653364706867468
"LBY",2.33898950570174,2.18428198178995,2.26235820008525,2.2520447979309,0.0989480847996869,0.105218941931634,0.0810591451121079,0.0901208424741076,0.0914333971375327,325097,2960434,30348.9999999907,62275.9999997442,3285531,3378156,0,1,0,0,0.0853828710971306,0.020602704195819,0.0810591451121079,0.09304245265027,0.0914333971375327
"LCA",3.30955413394016,2.69556172858376,2.63526967898385,2.63538715307568,0.14779543870328,0.175550290823474,0.158236700989414,0.159104748885328,0.156105805130592,15054,86803,8880.00000000001,25599.9999999992,101857,136337,0,0,1,0,0.371020305841063,0.227751928329308,0.158236700989414,0.156101549974432,0.156105805130591
"LKA",3.30045153763546,2.84796300472998,2.77251291698553,2.79154056393517,0.0778089720684845,0.0890702530960938,0.0829185859039039,0.0837346222606373,0.0820116709959767,979220,11605704,185087.999999978,301782.000000683,12584924,13071794,0,0,1,0,0.158968245515772,0.0253438887100672,0.0829185859039039,0.0816975040274907,0.0820116709959767
"LSO",3.01884801822475,2.98775490277362,2.99840783847326,2.99642600230343,0.043357774588011,0.0437892339371828,0.0427163065956516,0.0429375344052462,0.0430156322686478,104906,2314637,1144.99999999536,1162.99999946701,2419543,2421851,0,1,0,0,0.0107966921575031,0.000502202262486834,0.0427163065956516,0.043084033601259,0.0430156322686478
"LTU",1.67342842796604,1.80562155129643,1.76554293965656,1.7708774701889,0.405320036593881,0.387133668765988,0.429221023626019,0.422594058487452,0.418767992879142,785965,1153157,46702.999999992,165029.000000002,1939122,2150854,0,0,1,0,0.0560883809633515,0.125194016625879,0.429221023626019,0.41712662455466,0.418767992879142
"LUX",1.28988077177408,1.20870915381636,1.2989169279881,1.27443829760856,0.249934648496044,0.232387189882343,0.178550894544368,0.210464744973865,0.222673352134772,73872,260398,10504.9999999999,18313.0000000007,459056,363088,0,0,0,1,0.124500752574753,0.0657060539411817,0.178550894544368,0.237964119054609,0.222673352134772
"LVA",1.71807267877305,1.6062661528429,1.63420068532679,1.61484928920895,0.275208814448612,0.29877867417107,0.269816521540658,0.264769329142635,0.272182001277609,403821,1013721,51224.000000005,54250.9999999918,1639853,1523017,0,0,0,1,0.112569086573866,0.0507981482660517,0.269816521540658,0.277424008829922,0.272182001277609
"MAR",3.42080396459012,2.64040069718769,2.85525705897873,2.83091029942621,0.0546820179244648,0.0697172024800846,0.037315870270948,0.0429468573125084,0.0452590744158262,891644,15414338,398530.000000012,1801307.99999829,16305982,18505820,0,1,0,0,0.30889631941119,0.104632030653877,0.037315870270948,0.0462798222050584,0.0452590744158262
"MDA",2.2052795201363,1.79637374078376,2.01326364135405,1.99334251256347,0.121594831733206,0.145252901179316,0.0531846245933188,0.0881797847773459,0.0932418809771944,281837,2036000,88156.9999999982,141246.000000099,2317837,2547240,0,1,0,0,0.238266025935551,0.0648736982408508,0.0531846245933188,0.0977853197065167,0.0932418809771944
"MDG",3.72131320971248,2.98775495424567,3.2313169091671,3.18937399336209,0.0184789507442733,0.0229119803321351,0.0126286428689352,0.01478009457966,0.0153820952075458,142839,7586983,36693.0000000011,69211.0000005694,7729822,7835726,1,0,0,0,0.204381391618213,0.0090398702019005,0.0126286428689352,0.0159657320380468,0.0153820952075459
"MDV",2.27963937620259,2.15111977452596,2.14491018359634,2.1465336743198,0.0421769996762297,0.0445845353288424,0.0425029154458177,0.0425135417093471,0.0424240287001468,5341,121292,331.000000000004,255.000000000303,126633,127219,0,0,1,0,0.0583568406205931,0.00209795387792626,0.0425029154458177,0.0423960217516042,0.0424240287001468
"MEX",2.77729673891726,2.90582078142829,2.92896965661949,2.92900132682413,0.122079412339307,0.116278535580151,0.119172246620954,0.119294383933373,0.119667123484199,7349918,53389002,825502.000000033,8744512.99999789,61009083,70308935,0,0,1,0,0.100973650283414,0.14073745868068,0.119172246620954,0.119666452706952,0.119667123484199
"MKD",1.89257165992026,1.96722188148664,1.96280170099413,1.96330511503704,0.109966770125058,0.106237176532561,0.110753771862546,0.110717188549387,0.11052533178939,175557,1420898,26121.0000000023,275799.00000018,1596455,1898375,0,0,1,0,0.129518341118031,0.162550532004347,0.110753771862546,0.110495904730291,0.11052533178939
"MLI",4.08836708805623,2.98775494055357,3.2085913422012,3.16573087235669,0.00605779073939362,0.00827086846043376,0.00449549508986826,0.00493088846159566,0.00513946768774886,29446,4831402,11381.0000000001,64012.0000013612,4860848,4936241,0,1,0,0,0.278761603840599,0.0130759114553664,0.00449549508986826,0.00529342005375946,0.00513946768774886
"MLT",2.22448013605545,2.06313091822177,2.06605451503184,2.06601106006301,0.17876710525821,0.190090179367753,0.177949359566404,0.17797894787331,0.178182700491352,47539,218388,19598.0000000001,67660.0000000011,265927,353185,0,0,0,1,0.291910570922145,0.236533728604993,0.177949359566404,0.178186216107837,0.178182700491352
"MMR",2.94978056986992,2.91512063539316,2.92826988897147,2.92595695931761,0.10405209140559,0.105159142905097,0.102116566736727,0.102854956401083,0.103067940162453,2817021,24256159,40650.0000003755,60896.999992172,27073180,27174727,0,1,0,0,0.0142248705328134,0.00250429163761321,0.102116566736727,0.103270992496676,0.103067940162453
"MNG",2.98679675643047,2.86893848855467,2.9125651981604,2.90501649105443,0.0980666199357183,0.101685618215428,0.0919823142582455,0.094278538258685,0.0949534810643137,159209,1464269,7632.99999999742,9652.00000017266,1623478,1640763,0,1,0,0,0.0457498711355499,0.00654851922197503,0.0919823142582455,0.0955751696740067,0.0949534810643137
"MOZ",4.96075335426934,2.98775491833454,3.26825145014654,3.21218692245288,0.0050949412707657,0.00843107813941393,0.00351288625301616,0.00393524504779354,0.00414647622900426,44179,8626971,29676.9999999998,59143.9999995243,8671150,8759971,0,1,0,0,0.401822465337952,0.00680902797159884,0.00351288625301616,0.00430310411062269,0.00414647622900426
"MRT",3.04382545509313,2.91910234161765,2.96193923410428,2.95442922049852,0.0603233724747828,0.0627390766306872,0.0566887585149337,0.0579682586574496,0.0584043443273531,88396,1376973,5091.99999999841,19647.0000000402,1465369,1490108,0,1,0,0,0.0544668834502654,0.014067534476121,0.0566887585149337,0.0587689315873222,0.0584043443273532
"MUS",6.11888928049011,2.35232989252973,2.00443062773965,2.02738573896003,0.0257563141090238,0.0715891330828604,0.049195840255103,0.0499527826890866,0.0433651754554365,19425,734759,40927.0190500008,78476.0000000112,754184,875943,0,0,0,1,0.652660251483076,0.0964985520790562,0.049195840255103,0.0428817873651899,0.0433651754554365
"MWI",3.46374734005942,3.00481237208988,3.17139221380449,3.14237261317568,0.0107473640684727,0.0123685419366853,0.00826454408740024,0.00922081921817568,0.00946932227226994,67396,6203537,10445.9999999985,12168.0000047067,6270933,6293547,1,0,0,0,0.134194907633392,0.00195762186344215,0.00826454408740024,0.0097270278187174,0.00946932227226994
"MYS",2.60379011367921,2.4475713716616,2.43572393925324,2.43876986140434,0.159353480710307,0.167817524306083,0.161138891761603,0.161252632060883,0.160737150196653,2200092,11606271,156618.999999982,80313.0000005942,13806363,14043295,0,0,1,0,0.0664565998970521,0.00687223914195921,0.161138891761603,0.160597444000833,0.160737150196653
"NAM",3.12457846825706,2.98775486718988,2.96118224257905,2.96882528664392,0.0588746561760379,0.061405250666421,0.0600816749618206,0.0603147843500639,0.0598889510704079,73631,1177009,3675.99999999928,4648.0000000061,1250640,1258964,0,0,1,0,0.0475506745831461,0.00393345954029477,0.0600816749618206,0.0598104382181105,0.0598889510704078
"NER",3.31636207682875,2.98775497251484,3.11342695157316,3.09177369053398,0.00686480676667134,0.00761408114318685,0.00560427837411867,0.00610577599999277,0.00622932813442549,38194,5525546,4244.99999999851,5767.00000057638,5563740,5573752,1,0,0,0,0.100025919555091,0.0010426095938842,0.00560427837411867,0.00636096560991001,0.00622932813442549
"NGA",3.13901848229654,2.98775490348259,3.03921846451912,3.029900851002,0.0880314005181922,0.0920778639455789,0.0820770619783565,0.0841621922556079,0.0848709000873372,5064447,52465559,273825.999999816,171807.000010691,57530006,57975639,0,1,0,0,0.051294866335951,0.00326397411319348,0.0820770619783565,0.0854879413589975,0.0848709000873372
"NIC",2.80245113313389,2.30359673014139,2.49671625033128,2.47410104562727,0.0821876095167634,0.0982372749887177,0.0531435823857453,0.0650143817427935,0.0680520615435154,211066,2357034,66042.0000000016,186661.000000241,2568100,2820803,0,1,0,0,0.238325851292642,0.0733818323345532,0.0531435823857453,0.0700828115059631,0.0680520615435154
"NLD",1.35172787594082,1.29078433970427,1.33816879525867,1.31984964335344,0.244217906815138,0.249557909959001,0.216058395446579,0.224535335716396,0.232420928535442,2777124,8745340,247726.000000025,350644.00000006,12788751,12120834,0,0,0,1,0.0818969535679539,0.0385493202274828,0.216058395446579,0.242368654812124,0.232420928535442
"NOR",1.10870261069774,1.07917615308747,1.11061073492226,1.10491214713731,0.287170060437115,0.282507690508032,0.211401189831761,0.270121022121153,0.273592002183202,847034,2210093,46535.0000000026,59327.999999989,3402214,3162990,0,0,0,1,0.052077679507685,0.0261423508463123,0.211401189831761,0.286972830488292,0.273592002183202
"NPL",3.20621749717793,2.87428342644834,2.97801852562253,2.95895860494638,0.0354169670890846,0.0393461345950852,0.0303965052505212,0.0320859901737895,0.0326897042651538,92102,2508403,11112.0000000004,11613.9999998918,2600505,2623231,0,1,0,0,0.107659813591184,0.00460869906825701,0.0303965052505212,0.0332055459433545,0.0326897042651538
"NZL",1.20964835489926,1.1605362740547,1.23803906460793,1.21426974200316,0.350841029297042,0.31584703712447,0.252091932287465,0.303020570853585,0.321580836901056,815274,1840689,165443.999999998,283634.000000003,3318731,3105041,0,0,0,1,0.168696811927585,0.133517360589704,0.252091932287465,0.350395382222293,0.321580836901056
"OMN",2.07547548867043,2.0697981373663,2.06999715236091,2.06994710003166,0.155487107448725,0.155847132947567,0.155449652219162,0.155450999255931,0.155460109195013,849631,4614687,2902.99999993505,3100.99999873181,5464318,5470322,0,0,1,0,0.00340514278601798,0.000671533643106138,0.155449652219162,0.155463622462424,0.155460109195013
"PAK",2.42035578537368,2.16068885821456,2.28270539120217,2.26497261486124,0.0427943403125584,0.0476919951739102,0.0311998572972609,0.0367325924939184,0.0376050885998571,3194104,71444364,412079.00000003,563462.999999255,74638468,75614010,0,1,0,0,0.114270129940724,0.00782502435463377,0.0311998572972609,0.0387265915926788,0.0376050885998571
"PAN",2.37837641187808,2.14153244384856,2.13940494869209,2.13983636318057,0.170548656613778,0.185904071527633,0.170987852931254,0.170979739267923,0.170869127722897,335299,1630703,55847.9999999964,82175.9999999601,1966002,2104026,0,0,1,0,0.14278008012332,0.0479753677871934,0.170987852931254,0.170838898789426,0.170869127722897
"PER",1.91884950488435,1.84133477912652,1.85055782307599,1.84872349936708,0.197297680871304,0.203909725216009,0.194567614446383,0.194934895583075,0.195491884694495,2901306,11803915,245988.000000047,483533.000000576,14705221,15434742,0,0,1,0,0.0781585705053444,0.0393517840320119,0.194567614446383,0.195720200420612,0.195491884694495
"PHL",2.44427825983311,2.24452676934538,2.35250896807697,2.34080507858031,0.276377286050872,0.293748375118561,0.216469019057395,0.248688424848141,0.253032479369856,11388809,29818662,1494126.99999975,1155448.00000288,41207471,43857046,0,1,0,0,0.115977212026805,0.0373036707108897,0.216469019057395,0.257570979495378,0.253032479369856
"PNG",2.89154638831653,2.82736955027547,2.85344328061454,2.84911530047324,0.14417519595465,0.146966789780319,0.138692407792765,0.140938000638711,0.141495117665043,449916,2670704,13178.9999999985,17219.0000006514,3120620,3151018,0,1,0,0,0.0284585236290577,0.00640606148340238,0.138692407792765,0.142053088567703,0.141495117665043
"POL",1.55591937778566,1.412601513762,1.45378486377752,1.44997366179316,0.176837888231878,0.191394067252438,0.156464169158912,0.16397920366698,0.166238162261837,4744550,22078568,941028.00000002,1941988.99999998,27304816,29706135,0,0,1,0,0.165511404469347,0.0808469595438598,0.156464169158912,0.167206675270151,0.166238162261837
"PRT",1.8915809166905,1.916128070616,1.97716441806887,1.96117803760935,0.126105928129676,0.114381961333209,0.116025475256484,0.115022448179792,0.118934682241751,943702,7213137,143499.000000006,1204666.00000004,8847546,9505004,0,0,0,1,0.131989392945745,0.143109312489262,0.116025475256484,0.119935170592273,0.118934682241751
"PRY",2.09171967631479,2.04564983622932,2.07206180626635,2.06894093809599,0.109687789753363,0.111881678115449,0.101229273193719,0.106068721238419,0.106568581149657,326386,2649205,15206.9999999937,62365.000000121,2975591,3053163,0,1,0,0,0.0445178911745666,0.0229995906431038,0.101229273193719,0.107291271195616,0.106568581149657
"QAT",1.99224639660315,1.97820847033141,1.97920827930157,1.97896561991975,0.16838151374719,0.169374014450349,0.168162696506247,0.168178838932405,0.16822846860267,504715,2492734,4520.00000000076,4602.00000010595,2997449,3006571,0,0,0,1,0.00887605918682094,0.00184276364898674,0.168162696506247,0.16824953729782,0.16822846860267
"ROM",2.6037568494205,2.33629621059598,2.31932982996545,2.32200731314294,0.126946394903567,0.139452645278246,0.129498127979859,0.129609236485977,0.128901785304035,2023776,13918197,514467.000000026,1745029.00000099,15941973,18201469,0,0,1,0,0.202686267626869,0.111409297165283,0.129498127979859,0.128789223949153,0.128901785304035
"RWA",4.46969271137079,3.01354365806959,3.26408612199966,3.21368612235362,0.00660304984764414,0.00976250566806803,0.00475267738252735,0.00525331147870186,0.00550094928879666,25150,3783696,12289.9999999999,13944.9999999333,3808846,3835081,0,1,0,0,0.328258547008546,0.00367201639121058,0.00475267738252735,0.00568758152179716,0.00550094928879666
"SAU",2.08474507382667,2.06159114317529,2.06303872723303,2.06268627241356,0.218173414017125,0.220084461987919,0.217805779135214,0.217830124090014,0.217914708333729,3192155,11439119,41076.9999999524,18518.000001553,14631274,14690869,0,0,1,0,0.0127046249696751,0.00161621458260137,0.217805779135214,0.217949741351284,0.217914708333729
"SDN",3.14684331489739,2.98775491486311,3.03918297740545,3.02964816653111,0.0475393532566682,0.049944247074178,0.0442721004392079,0.0453657780635891,0.0457700593282615,601918,12059550,34513.0000000034,46848.0000005732,12661468,12742829,0,1,0,0,0.0542289737614972,0.0038696893989916,0.0442721004392079,0.0461106499065728,0.0457700593282615
"SEN",3.89996843535781,2.98775492032474,3.18870492106718,3.1538168061816,0.0279251855604561,0.0361430727020761,0.0211892884968064,0.0230985791456575,0.0240224691813822,128873,4486065,45528.9999999989,164856.000001136,4614938,4825323,0,1,0,0,0.261057786034557,0.0354458826544541,0.0211892884968064,0.0246139009408366,0.0240224691813822
"SGP",2.44067975825332,2.39100673202812,2.39564675508061,2.3946382621147,0.458366552288098,0.463475626318031,0.456792198436942,0.456947111889915,0.457290209711818,1566112,1850612,68586.0000000129,41731.9999999202,3416724,3527042,0,0,0,1,0.0419563735931731,0.0220530728027886,0.456792198436942,0.457428241915163,0.457290209711818
"SLB",3.03230809003112,2.96318882807319,2.98943747470982,2.984909317223,0.142664101947584,0.145507663565655,0.137664254458865,0.139582331257408,0.140130845535715,29667,178283,863.99999999976,1009.99999999632,207950,209824,0,1,0,0,0.0282991058268566,0.00563323721504083,0.137664254458865,0.140644884504483,0.140130845535715
"SLE",4.24778833530605,2.9877549546381,3.33814217721214,3.27886321492669,0.0252860750384169,0.0355707101782167,0.0148090963974525,0.0183694880070266,0.0195022276894673,54532,2102070,24322.9999999991,35927.0000003543,2156602,2216852,1,0,0,0,0.308452222433569,0.0168040460301648,0.0148090963974525,0.0204796403213014,0.0195022276894673
"SLV",2.42537888450749,2.22816578166343,2.30912697297579,2.30984497992405,0.0869804853144959,0.0939557310116551,0.0690693459981843,0.0765011544609151,0.0791512347663237,250449,2628921,121541.000000001,958293.999999836,2879370,3959205,0,1,0,0,0.3267319013952,0.26714150113663,0.0690693459981843,0.0790610851298769,0.0791512347663236
"SOM",4.1581308448603,2.98775493801413,3.31592582530974,3.26693556589775,0.0270332986032146,0.0372286593103294,0.0161636175878364,0.0198228325671581,0.0210720711079932,81782,2943450,38212.0000000001,159718.000000449,3025232,3223162,1,0,0,0,0.318449255796124,0.0514693371420591,0.0161636175878364,0.021952348069304,0.0210720711079932
"SRB",2.3776839243858,2.35232992377327,2.36492219883761,2.36342171864888,0.12803288545267,0.129234516116231,0.124453039358113,0.126232737871319,0.126539874522612,1034465,7045217,76045.0000000431,437256.000000136,8079682,8592983,0,1,0,0,0.0684775463526156,0.0584373642243862,0.124453039358113,0.12682277639698,0.126539874522612
"STP",8.70749210017775,2.98775493138772,3.19256747070437,3.18152310887838,0.00856090961512871,0.032615533510767,0.00828350723411371,0.00903449949449865,0.00957474513786543,579,67054,1920.28542729337,12909.9999999997,67633,82660,0,1,0,0,0.712272042764603,0.161447651443146,0.00828350723411371,0.00964784518615439,0.00957474513786544
"SUR",3.8693019423117,2.3721855468114,2.26604145699281,2.23851959931699,0.0567164922593018,0.109246244240172,0.0852171625405658,0.0858326655450556,0.0815088689634823,15940,265107,31253.3842416272,152252.999999996,281047,468547,0,0,1,0,0.610572689191146,0.364800172512929,0.0852171625405658,0.0823081727620354,0.0815088689634822
"SVK",1.30249175057646,1.16381794601463,1.23347987648814,1.22914678029784,0.124630296774859,0.135262137779432,0.0819811714504454,0.105805054116386,0.108579466811062,441571,3159357,101509.999999999,312587.999999953,3724271,4015026,0,0,0,1,0.186915027408433,0.0900325321973572,0.0819811714504454,0.110244029695274,0.108579466811062
"SVN",1.33878768234941,1.31951122340935,1.32630572655484,1.31861048897328,0.152194545193091,0.159657849200667,0.152773279017395,0.150220429690858,0.15244665995893,216233,1154746,13237.0000000013,53044.9999999954,1564675,1437261,0,0,0,1,0.0576851004488662,0.0439190224136423,0.152773279017395,0.155222767158622,0.15244665995893
"SWE",1.21675873035987,1.179515174788,1.21427251299579,1.20168226847797,0.312885464697757,0.320094095379472,0.273465893568419,0.294784865923817,0.301566850337704,1928429,4225477,103673.000000003,90873.0000000144,7093062,6348452,0,0,0,1,0.0510176162417056,0.0210532046752498,0.273465893568419,0.317070497753985,0.301566850337704
"SWZ",2.74095351059627,2.65515821927926,2.69028972377294,2.68441773602624,0.0743451534654896,0.0765635171063398,0.0699789108492394,0.0717882227391927,0.0722187625590207,56578,704440,1996.00000000125,2023.99999991973,761018,765038,0,1,0,0,0.0340765527367305,0.00286497259580067,0.0699789108492394,0.0726690571980145,0.0722187625590207
"SYR",2.29534018324925,2.16672297745006,2.16203860382159,2.16321056002949,0.0866507353396782,0.0913246061279539,0.0871395657635109,0.0871497711077264,0.0870182953192428,846057,8917934,60582.0000000068,103080.0000005,9763991,9927653,0,0,1,0,0.0668204213584533,0.0114266533674041,0.0871395657635109,0.0869777444493816,0.0870182953192429
"TCD",2.22402615050407,2.04358910268328,2.1507019392178,2.13776127082242,0.01021040057046,0.0111019110504672,0.00692714360876821,0.00883329091706774,0.00898828618804907,41138,3987891,3685.00000000064,4699.00000237096,4029029,4037413,1,0,0,0,0.0822122571001638,0.00117693026390663,0.00692714360876821,0.00929197762566441,0.00898828618804906
"TGO",3.24133580506163,2.98775494866892,3.09154240551594,3.07491504514502,0.0587962569067075,0.0634697647031667,0.049767655006092,0.0535485492530003,0.054411156001907,143049,2289912,13679.9999999997,22707.9999994724,2432961,2469349,1,0,0,0,0.08728442087935,0.00981916614033969,0.049767655006092,0.0553058206689585,0.0544111560019069
"THA",2.17264663554188,2.15061566879782,2.1504329276349,2.15047940926318,0.117493832567239,0.118554748964865,0.117519076231126,0.117519209209889,0.117512604660457,5187264,38961981,88363.9999997665,261899.000001088,44149245,44499508,0,0,1,0,0.0167494751335323,0.00667702940150459,0.117519076231126,0.117510396853823,0.117512604660457
"TJK",2.34916451333214,2.33629623446669,2.34280448045926,2.3418502525114,0.0939092903722038,0.0943777241569845,0.0925425831603663,0.0932342289426836,0.093333612717915,739643,7136500,4720.99999989866,6209.00000125764,7876143,7887073,0,1,0,0,0.00634232714088626,0.00086927802900239,0.0925425831603663,0.0934696762728148,0.093333612717915
"TKM",2.36001586326744,2.33629620741094,2.33479412393356,2.33519776014683,0.103675910191878,0.104618377973248,0.103837389744742,0.103847235528438,0.103800838129576,290294,2509720,3394.99999999816,3832.00000005566,2800014,2807241,0,0,1,0,0.0115598473214801,0.00152453579637726,0.103837389744742,0.103787398206079,0.103800838129576
"TON",4.53134259503129,2.48323361815055,2.35673473276673,2.28703046383865,0.0695206381908344,0.130089708747204,0.0997061548876626,0.100736469350446,0.0939392014696646,2902,38841,7634.90532552603,33499.0000000003,41743,83158,0,0,1,0,0.705759412601777,0.463077135747861,0.0997061548876626,0.0960979731474934,0.0939392014696647
"TTO",4.8217153057844,2.26576923785596,2.075362143991,2.06283201876889,0.0588057318149347,0.142226470457476,0.100244955126341,0.100650809802848,0.092453728625526,48979,783916,98876.0682072228,180779.000000002,832895,1124650,0,0,0,1,0.618149280780362,0.187394979760444,0.100244955126341,0.0929789245192997,0.0924537286255261
"TUN",2.83750997792614,2.57681493030954,2.54643821911138,2.5528531494473,0.0960828004590916,0.104784871380128,0.0990156336980606,0.0993223519984078,0.0984262253172719,586009,5512991,106446.000000005,402902.999999932,6099000,6608349,0,0,1,0,0.15372262457489,0.0681051756505327,0.0990156336980606,0.098266549464824,0.098426225317272
"TUR",2.38984816958764,2.37170212097905,2.36702155889697,2.37979514281528,0.0889418834898593,0.0884251235577436,0.0879383463403028,0.0894268556435539,0.0881563629705826,3646461,37878992,237506.00000003,2160836.00000029,42075565,43923795,0,0,1,0,0.0611503650777749,0.0539671648939223,0.0879383463403028,0.0878115769852309,0.0881563629705826
"TZA",3.80293565327443,2.98775495743202,3.24968532326737,3.2029214455598,0.00916506475383563,0.0116365676155222,0.00610413775729707,0.00721368070302836,0.00752599465841101,144740,15647838,39928.9999999935,37207.0000149372,15792578,15869714,1,0,0,0,0.216219289647929,0.00237213218163781,0.00610413775729707,0.00784113053645317,0.00752599465841101
"UGA",3.52592900585912,2.98775493028626,3.12986493019425,3.10264066917384,0.0244908536005656,0.0287753660905803,0.0201742897977138,0.0214853533066146,0.0220431507918305,256314,10209389,47472.0000000018,43979.9999970342,10465703,10557155,0,1,0,0,0.156267899113197,0.00428932188015805,0.0201742897977138,0.0224843082602097,0.0220431507918305
"UKR",1.92443975489053,1.77945725475094,1.79612264331272,1.79273863573535,0.164407527776242,0.175452519440193,0.159988975962255,0.16063261692142,0.161509607564078,5817369,29566467,642428.000000073,791657.000000719,35383836,36817921,0,0,1,0,0.0994501839609005,0.0260772701238297,0.159988975962255,0.161893459447457,0.161509607564078
"URY",1.89430865046179,1.73050139694779,1.74798265231871,1.74476546569742,0.112029393579667,0.121347131498998,0.108503043940229,0.109008419959329,0.109717347415671,233194,1848349,36935.9999999999,107613.999999955,2081543,2226093,0,0,1,0,0.136734165031651,0.055018423150108,0.108503043940229,0.109988488235372,0.109717347415671
"USA",1.42409772893049,1.41078995057046,1.46564637217012,1.41593889594305,0.31426651569956,0.316290772068855,0.309255777341547,0.29108462807211,0.311993388631347,41770565,91144970,548750.00000046,334480.999999339,165156507,133798766,0,0,0,1,0.0129668923043877,0.0036563511951918,0.309255777341547,0.337432876991409,0.311993388631347
"UZB",2.4915728747017,2.36008699629884,2.34884645281425,2.3518294831487,0.0779659677770686,0.0819536521955813,0.078892570393265,0.07896149150246,0.0786889070535601,1075576,12719879,65333.0000000049,60605.0000006644,13795455,13921393,0,0,1,0,0.0572639886266169,0.00474199568660032,0.078892570393265,0.078614981490412,0.0786889070535601
"VCT",4.49729099315391,2.61309845813105,2.46863678994965,2.42956282800827,0.120916772004524,0.191415526983867,0.151950273272678,0.153690275968352,0.14483432369214,7270,52854,11429,26135.0000000005,60124,97688,0,0,1,0,0.611209155569816,0.330868855157053,0.151950273272678,0.146437932751044,0.14483432369214
"VEN",1.95523464033643,1.86122630858884,1.87171757650912,1.8694426386878,0.201110191621942,0.209143582267001,0.198084944252183,0.198478429966896,0.199095824974752,3020516,11998693,197972.000000034,171710.9999991,15019209,15388892,0,0,1,0,0.0615108709431368,0.0141088989321225,0.198084944252183,0.199374148829415,0.199095824974752
"VNM",3.10199411277968,2.76067018022841,2.8755460272364,2.85667147145729,0.0647483176169264,0.0721758809377102,0.0539538318823694,0.0578270556304545,0.0590794506188104,3339908,48243023,507064.00000013,1209970.99999663,51582931,53299966,0,1,0,0,0.131808601674286,0.0244670929326671,0.0539538318823694,0.0600887407176336,0.0590794506188105
"VUT",3.1890200354865,2.47849142398995,2.70576754089235,2.66793281493238,0.0292127189253528,0.0372751922970505,0.0190023194457087,0.0227404216115635,0.0238009085144198,2577,85638,791.000000000003,1349.0000000026,88215,90355,0,1,0,0,0.234857482185274,0.0155080644234495,0.0190023194457087,0.0247740432043877,0.0238009085144198
"WSM",4.01056438604903,2.47659344698375,2.72459967400083,2.78993820621066,0.0669880740928698,0.118377639695279,0.0391828363707574,0.0476889756385416,0.055707620228678,4752,66186,10191.1473571908,50584.0000000002,70938,132449,0,1,0,0,0.649987075527186,0.433193457223603,0.0391828363707574,0.0522151950362251,0.055707620228678
"YEM",2.93031551539733,2.91998696339943,2.9240603636779,2.92336902541513,0.135390217869027,0.135804082225894,0.134613739050747,0.134920412342901,0.135003526160627,1078180,6885320,13155.9999999468,59450.0000008184,7963500,8036106,0,1,0,0,0.0120549491631787,0.00856039868862732,0.134613739050747,0.135083202509509,0.135003526160627
"ZAF",3.80931917409095,2.98775487772476,2.82948485723229,2.87183892436679,0.0412202094349921,0.0519658123105936,0.0468793804566119,0.0479863440574752,0.0459274566907805,1002271,23312768,285941.999999998,188644.000000126,24315039,24789625,0,0,1,0,0.221967950952209,0.00802692195686479,0.0468793804566119,0.0455601814358339,0.0459274566907805
"ZAR",3.89526514104042,2.98775498629683,3.27438591895731,3.22488941055518,0.0281888810484207,0.0364390631704457,0.018127023460809,0.0217450352990184,0.022788387871286,270367,9320897,84354.999999988,59043.9999981247,9591264,9734663,1,0,0,0,0.237805943809485,0.00629470910298101,0.018127023460809,0.0237815390303858,0.0227883878712861
"ZMB",3.37507765738376,2.9877549319392,3.13683771751233,3.11196028600596,0.041380078389746,0.0464950387612089,0.032646505582152,0.0361510188343444,0.0370023966047018,242633,5620889,32622.0000000066,23949.9999985993,5863522,5920094,1,0,0,0,0.118515558300509,0.00424281365661612,0.032646505582152,0.0378865377831432,0.0370023966047018
"ZWE",4.39763223769367,2.98775493770283,3.36599358013588,3.30375237822148,0.0387452790713858,0.0560046512196784,0.0218325599572304,0.027498231619157,0.0293555641723383,171488,4254548,84933.999999999,67613.9999997732,4426036,4578584,1,0,0,0,0.331227429783712,0.0156435598665143,0.0218325599572304,0.0308719347149048,0.0293555641723382
