isoo,wH_data,wL_data,w_data,GDPc_data,Hn_data,WR_data,Hr_data,mH_data,mL_data,GNIc_data,RemGDP_data,wap_data,exp_prim_data,exp_seco_data,exp_tert_data,cs_h_data,RemiT_data,GovExp_data,EduExp_data,GovCons_data,c_low,c_high
AFG,8880.261436329592,1884.605939905223,2432.924384827931,868.8580032192189,.08277393,4.711999070095355,.0783798523530734,.0743967103629592,.0178233748175922,868.8580032192189,.0131942519814848,.492320709228516,.1195215,.132609,.9609478,0,201386894.4351925,.2110080476916,.034794499874115,.1309781931,.2521305,.9609478
AGO,22523.17725086372,5453.554651986676,5960.295752858761,1684.254945414132,.03646607,4.129999365213796,.0296867196645239,.210903021594847,.0238825129177981,1684.254945414132,.0002992901740474,.497721748352051,0,0,.8214674,.1464419960975647,28161928.41789602,.37934022601926,.0342131996154785,.1704234391773199,.9740934999999999,.8214674
ALB,17449.69104727095,5612.638982323155,6538.058688250752,4148.936170212765,.09066223,3.108999367717798,.0781799134488879,.3828606335691953,.2745033705045903,4148.936170212765,.1411034501538176,.670697784423828,.2984568,.5903204411124787,.1285083,.2119834125041962,1628344662.658443,.30025296630281,.0327592992782593,.1115738249026482,.1871765,.1285083
ARE,10138.75118002739,3559.955473268094,4590.790477058265,15589.21876254355,.1569768,2.847999435992906,.1566905326959845,.0031437535385727,.0009834140757843,15589.21876254355,0,.85805549621582,0,0,0,.0755495578050613,0,.2527431182278,.01294,.1003107177489373,.3280683,.2465824
ARG,38425.25875829196,16663.16870365613,19143.71182625083,10995.4300676844,.12114354,2.305999503555462,.1139845996578019,.0811867418105148,.0155250801356625,10995.4300676844,.0018914678124196,.6450208282470701,.1368048,.1926875,.1612808,.1980561465024948,650580011.3470304,.387632,.0501971006393433,.1516371788864165,.3539683,.1612808
ARM,40757.37912358624,13173.0402758186,18444.66494324739,11630.45301702561,.2074926600000001,3.093999431429924,.1911093355009089,.1352794181419794,.0417404373109367,11630.45301702561,.1765541461234051,.6893729400634769,.1078627,.2133426232660236,.0745566,.1639247089624405,1745364372.455301,.26200528173868,.0324900007247925,.1204370772845186,.2232576,.0745566
AUS,35676.72421504366,28136.22408845078,30541.00268084137,25301.23292235921,.3013255200000001,1.267999718188485,.3189149992730221,.0389977410782802,.0127787147958291,25301.23292235921,.0015089965368801,.676087112426758,.2233566,.4417790669784822,.1906647,.1477067172527313,1915950259.39522,.371573,.0555005979537964,.1799900246770124,.3837471,.2228509
AUT,31793.09932239578,24418.66770768253,25994.872716522,24130.54703454364,.22893564,1.301999752934642,.2137391857692031,.0702203488380335,.0389550239474043,24130.54703454364,.0075575185380426,.674177703857422,.2490171,.2843686,.3427502,.162770614027977,2978032763.808791,.525259,.0570047998428345,.204925476679965,.6271188,.3427502
AZE,30045.2432899153,9339.524232756523,12078.17795844384,8097.45659085351,.13647301,3.216999339702721,.1322655696296846,.0430227563340379,.0077696933063849,8097.45659085351,.0339769138578992,.7138262939453131,0,0,.1955726,.1367668211460114,1613305600,.31673799608148,.0278062009811401,.1088143176733781,.4677351,.1955726
BDI,5889.895645541754,1275.974068523428,1328.649068256697,479.1160515958742,.01457503,4.615999486852902,.0114165355552726,.222025556519878,.0036079962882492,479.1160515958742,.0078604011996141,.5354119110107419,.1443146,.4860981,3.6215911,.2086289674043655,31654623.98123885,.40950266472322,.0677524995803833,.2190000027988279,4.1076892,3.6215911
BEL,36647.99065508044,27932.92525336217,30561.14103550669,23654.76346438003,.3117115,1.311999739471228,.3015715500684981,.0593887342598867,.0369181848577846,23654.76346438003,.0198765690787014,.6605982971191411,.225828,.4466672716974411,.3475718,.1867416054010391,11092664398.80591,.529423,.0644259023666382,.237326860900242,.5928354,.3475718
BEN,15485.8127220755,3331.716046405272,3498.43557099885,1393.839377620774,.01670732,4.647998961011037,.0137171464932736,.1841773249488461,.0033160540064709,1393.839377620774,.0282370423157396,.536989936828613,.1366952,.2703706893659602,.6311728999999999,.1799483299255371,170750621.4800555,.20446890872447,.0367997002601624,.1121186949267428,.7691941999999999,.6311728999999999
BFA,14581.33649139365,3053.044149140067,3161.829265998739,1063.497007972952,.01030651,4.775999225396294,.0094363600114434,.0872730945387133,.0022318207541463,1063.497007972952,.0131103888958495,.5152276992797851,.1811396,.2056827,2.2634412,.1461261659860611,149531790.5173997,.24869525986104,.0350222992897034,.1445752801517403,2.4691239,2.2634412
BGD,8268.669193843172,1898.225600255361,2368.080466482285,1145.523262190366,.0758385,4.355999198794295,.0737554393700083,.0335693334860479,.0040347611511174,1145.523262190366,.0875779865566531,.637265548706055,.0756853,.1256133,.2388228,.056334663182497,11300435289.49287,.14586987665562,.0213269996643066,.0507532583559895,.3644361,.2388228
BGR,17554.43155000626,12370.98997336477,13404.59394109514,8886.395164316178,.19863162,1.418999739535934,.1994049614426382,.0947002073009773,.0990814321581663,8886.395164316178,.0371367096821126,.6834490966796881,.2149743,.2308243,.1473756,.2692067921161652,1555082992.421144,.380513,.0388239002227783,.1660281981745761,.3781999,.1473756
BHR,12447.63771911003,4417.189455963272,5863.981985973376,7347.843398217473,.18297152,2.817999509236702,.1801633585823232,.0231648249994211,.0045293832032447,7347.843398217473,0,.780991516113281,.1047755,.1590834,.214294,.1284956634044647,0,.34152566351585,.0249677991867065,.1292754900348462,.3733774,.214294
BHS,52834.50424824332,18231.37184897504,22045.56479206877,13511.60947682578,.14654573,2.897999376344992,.1102268112344181,.3377616272112224,.0820916378577903,13511.60947682578,0,.705512924194336,0,0,0,.1605005711317062,0,.20307,.0220192931,.1251713590655879,.4025622,.2524782
BIH,25515.2056092783,7931.367948409443,9428.024334649457,7274.236380549462,.09598279,3.216999359410015,.0851154574504904,.2806080099423042,.1790057380743001,7274.236380549462,.1418914440163722,.675331726074219,.2515198265895954,.4351293,1.936145071438911,.2855707406997681,2094189471.416685,.50754387018739,.04601283221,.2312709587910532,.672434,.2373047
BLR,19107.40562576156,10099.0539575052,11656.31924966006,12607.06173859178,.17914904,1.891999558192452,.1728690607897067,.0630972881035627,.0216332954233599,12607.06173859178,.0092155655702513,.712083053588867,0,0,.1455155,.2289908677339554,721220000,.43371305407733,.0522003984451294,.1602139549399352,.5021769,.1455155
BLZ,29412.06987935429,8748.386639480375,10746.35644700626,4567.694952553346,.14536947,3.361999313864489,.0966899165232303,.49624605277065,.1994859862965579,4567.694952553346,.0529190737623122,.606458320617676,.1824662,.2617363,.257958,.142337903380394,76909524.2393166,.34306,.0671981000900269,.1617751960499564,.5196943000000001,.257958
BOL,12755.88586444433,6400.345253675124,7307.312439851983,2958.96260806166,.1416717000000001,1.99299965218592,.1427049627595866,.0410422462687711,.0491316729583732,2958.96260806166,.0556916806626733,.592657127380371,0,0,0,.1097842156887054,1061277997.469601,.312166,.08012301,.1383121844639668,.4025622,.2524782
BRA,48100.22673936256,8055.641464698494,11804.84892631663,6428.948320031781,.09542362,5.970998951498501,.093625828208795,.0261172449611319,.0054441665023546,6428.948320031781,.002140807857609,.676001129150391,.205004,.2097786,.2766643,.1788692623376846,3122643759.686,.404036,.0564879989624023,.1901685784334792,.4864429,.2766643
BRB,50317.93118216902,17368.98195827286,21170.75694389353,13935.36074616946,.19103249,2.896999450114723,.1153838005511702,.5815112270315168,.2423475768994997,13935.36074616946,.0248760925529413,.702763214111328,.2213818,.2578739,.4167439,.1850157380104065,119423729.0357867,.2993633333333333,.060543999671936,.1542587306843267,.6746178,.4167439
BRN,90834.52991513393,36879.63807616613,43843.57958571002,28974.33455723367,.1374807,2.462999493854489,.1290696964109994,.0861464403196651,.0171015862810919,28974.33455723367,0,.6974678802490231,.0501888,.076387,.3136628,.2741605341434479,0,.40086201785693,.0204661011695862,.2215088282504013,.3900498,.3136628
BTN,28323.56738746973,6142.609526304995,7294.384976828044,3908.235930505287,.0546454,4.61099916349516,.0519263170568311,.0636302189723549,.011763642525926,3908.235930505287,.0037632745428525,.657327880859375,.0750761,.2601151,.8374035000000001,.2749540209770203,9058875.454692688,.44697974634539,.0412473011016846,.2046793616876688,1.0975186,.8374035000000001
BWA,13736.32903992462,2876.11635535313,3344.249715650096,4768.837651533159,.04446508,4.775999070537628,.0431053584210204,.034152754323394,.0022681808275001,4768.837651533159,.0056208529285276,.622634696960449,.1354782,.3586587,2.46067,.2232989817857742,24993842.74713465,.36216398387971,.0963292026519775,.1975650547726665,2.8193287,2.46067
CAF,6025.364766316578,1296.614136723026,1341.849581687275,535.7387952739783,.01266089,4.646999130785873,.0095660457714043,.2506116158113651,.0050576475749874,535.7387952739783,0,.554591674804688,.0410032,.1542199,.899605,.1334614008665085,0,.18574804101244,.0111760997772217,.0763618270005339,1.0538249,.899605
CAN,32401.45276514857,25941.92257946797,29198.42358565763,25267.18453617559,.49786131,1.248999670933914,.504138987291773,.0426408904484314,.0397603875956737,25267.18453617559,.0007952600661615,.6937245178222661,.1756737,.3474666218892022,.4468562,.1728788465261459,1235392027.919412,.438155,.0536992979049683,.2152604096789002,.6301445,.4468562
CHE,41436.22607892818,23718.50942611433,27838.71139628569,25104.20074074856,.21712748,1.746999583089587,.2325470065307208,.1029004104763212,.0576195988050261,25104.20074074856,.0040819896326762,.6803807067871089,.2189051,.262857,.3923296,.0744847357273102,2417327497.355122,.341712,.0492605018615723,.1160209821529262,.6551866,.3923296
CHL,49556.56501603365,18849.97212005347,23059.7143834261,13185.12215874559,.13711457,2.628999379967947,.1370957135372623,.049705050438515,.0181368002471258,13185.12215874559,.0001280485037235,.686777725219727,.1457257,.1521726,.160562,.1438902020454407,64302599.85575074,.251489,.0416208982467651,.1210874085315974,.3127346,.160562
CHN,15932.92438006477,10537.65069178189,10975.12284122494,6724.779700268572,.08246073,1.511999671092775,.0810843294925188,.0200735471248327,.0019444274858713,6724.779700268572,.0018807627503559,.735073776245117,.1113945375,.2203282770388229,.8911563,.1500429660081863,52273129306.40001,.2313,.019123121,.1458702057798118,1.0166133,.8909999999999999
CIV,11798.77023900423,2470.42969562707,2825.171110193746,1095.066196052826,.04230505,4.775999195560733,.0380283516577374,.1145037690108937,.0105211775722516,1095.066196052826,.0114030066047424,.550801773071289,.1551095,.3067925021669334,1.4409475,.1183293983340263,330819170.4807529,.22002464947378,.0455346012115479,.1217758808859234,1.7127066,1.4409475
CMR,15029.92629999731,3146.970025570331,3502.250590285992,1211.737774270873,.03751715,4.775999192198664,.0298983314009371,.2168616575470669,.0095201892520871,1211.737774270873,.0068586284774014,.533418464660645,.0592604,.2614003,.2499223,.1324923932552338,178540702.795752,.18557091001806,.0299365997314453,.1138964161838283,.5113226,.2499223
COG,8559.487733272543,1792.187875950012,2123.376781309496,2159.021359740436,.05141324,4.775999128291884,.0489395936846395,.0608244128534718,.0107809929839094,2159.021359740436,.0017800987034647,.54367847442627,.1168812,.2311803971018782,.8805028,.1052847132086754,43836210.74130118,.21437429516712,.0622078990936279,.105717695005542,1.0455802,.8805028
COL,35718.50590036297,7775.035784436039,12458.16538275114,6329.608566223841,.17077024,4.593998907614521,.1675929860853559,.0536973720468452,.0320626534559733,6329.608566223841,.0188582590988104,.6562306976318359,.1546718,.150084,.2890539,.1278287917375565,4220510134.324722,.274675,.0483382987976074,.137602470315774,.4391379,.2890539
COM,5897.725306005209,1234.867298246293,1414.107650039376,549.349185200369,.0488417,4.775999262739334,.038440019296069,.2883453148049677,.085886620267919,549.349185200369,.1699594668240729,.548833885192871,.1614708,.3193745757603272,.3253333,.1248029246926308,101472492.3308815,.22147754016986,.0442264986038208,.1113884379442464,.3982258,.3253333
CPV,22214.96678777549,5776.123547595779,6237.949527945456,2735.375809722762,.04892548,3.845999242350369,.028093581379308,.6262432331571384,.3348387263753854,2735.375809722762,.0993820574500841,.624317817687988,.1548596,.1401267,.4262926,.1906002461910248,155088233.1941482,.38794489137828,.0556728982925415,.1842871581562529,.5766139,.4262926
CRI,30468.56936083801,11441.44741384461,14383.72142213233,8032.411820781696,.15876711,2.662999554057278,.1546357886644356,.056039431098384,.0260604704934387,8032.411820781696,.0185672664433319,.685843658447266,.2444369,.2313217,.3582923,.1640752702951431,546222376.5220147,.193884,.0663444995880127,.1675916331489838,.5326301999999999,.3013085
CUB,13749.02344172232,4601.414467338986,5476.119620546748,3763.655462184874,.12126376,2.987999350919898,.0956211787864191,.3106272397040126,.1002478321787702,3763.655462184874,0,.702497177124023,.4906773,.5185674,.3878069,.3475935828877005,0,.6461133333333333,.128373098373413,.3475935828877005,.9063743,.3878069
CYP,37702.01422906884,16975.24684650841,23186.36403672584,15973.7974472228,.30871664,2.220999468813242,.2996664687539983,.1766210754118218,.140649265463737,15973.7974472228,.0193153384119511,.7066355133056641,.3088,.3687530000000001,.5144913,.1760932952165604,749075085.9231932,.46167678775588,.06542799949646,.1851985994417097,.7151389000000001,.3463859
CZE,17127.80701428108,15197.70272598641,15476.79010679383,12867.93320086634,.14839933,1.126999739572113,.1445970471647463,.0714022106709416,.0270012131136548,12867.93320086634,.0075076964789885,.70429443359375,.1486288,.2326577,.2427003,.2535295486450195,1272605095.832402,.4373610854136,.0406445980072021,.2053370132260755,.4520111,.2193534
DEU,30166.25128610587,23585.81468091252,25305.63104645614,20801.43744384758,.27659116,1.278999758720174,.2613529266715098,.0658968860644397,.0388953580054196,20801.43744384758,.0031552741323756,.6578114318847661,.1766182,.2388146,.3953355,.1703197062015533,13216289464.96438,.478743,.0494367980957031,.1956321166744658,.6341501,.3953355
DJI,10218.24921346552,2563.535067212631,2733.679066149893,1254.392844232065,.02878308,3.985999389731762,.0222273484922426,.24025893566035,.0095402011531189,1254.392844232065,.0319462699169807,.621660232543945,.2311144,.3106575,1.9301456,.280213326215744,32212287.79941593,.35966285593052,.0449022006988525,.1967158880477205,2.2408031,1.9301456
DNK,47606.32911396325,32341.26346377861,35792.61668219401,24620.56880538908,.22849732,1.471999669007401,.2260948820992237,.0818758409667168,.0285168987319258,24620.56880538908,.0034397307005778,.6537535095214839,.2788253,.3250974,.5395163000000001,.2215410470962524,1065673758.299846,.58467,.0855955028533936,.27365847979969,.8646137,.5395163000000001
DOM,16144.71992241247,7439.964300752988,8650.457869203869,4464.079099610813,.14617733,2.169999649162092,.1390611777128915,.1843392841054468,.1354536565243594,4464.079099610813,.0760776060633757,.628222160339355,.0705473,.0631194,.6278125017015507,.1330849826335907,3882000000,.161151,.0204678988456726,.0992711136515116,.3155976,.2524782
DZA,19428.1529543488,5119.40877389739,6604.383942609094,3520.378005481783,.1115243,3.794999347074643,.1037809572932665,.1336869915713825,.0609358035170952,3520.378005481783,.0011330390186266,.681469955444336,.1147531,.1785554,1.021207484751482,.3252448737621307,173655986.7061127,.36893021092271,.0433701992034912,.1722675193325443,.3693213,.1907659
ECU,15830.2215238469,6309.375938624437,7947.401815779795,3987.111606520831,.17292256,2.50899957108883,.1720462602290051,.0936961669301306,.0881148703168576,3987.111606520831,.0503588116788309,.62879077911377,.1036507,.0426581,.9224053262154174,.1189612671732903,2717383735.560219,.37203,.0450743007659912,.1319965287509733,.4753632,.4327051
EGY,20414.23658807775,6598.009020304614,8339.183000058272,3725.001825585356,.1302439,3.093999496705035,.1260238347416201,.0422766842056154,.005403634953194,3725.001825585356,.0532884434843189,.629938430786133,0,0,0,.142359659075737,12371480000,.3342579893916799,.0376082992553711,.1116360019890602,.3287355,.1907659
ERI,5869.57212631471,1272.122515957743,1374.373296467539,867.0041899504791,.03078509,4.613999086318887,.0222407615473259,.3040876502701174,.0282441608967321,867.0041899504791,0,.5486073303222659,.0526822,.1042006063952164,5.9234362,.318062662651194,0,.34625722521796,.0212700009346008,.318062662651194,6.1261619,5.9234362
ESP,31491.50592394586,20317.10569598907,22447.29394852944,19706.25558719135,.1860684200000001,1.549999610927003,.1906311040489621,.0295808722699548,.0154563187250972,19706.25558719135,.001072622296563,.679689865112305,.210723,.2605485,.2799309,.1826396286487579,9286783514.200001,.456222,.0485608005523682,.2063290230621725,.5404793999999999,.2799309
EST,37149.71395342059,20344.86460421563,25638.62937094479,19950.97908007387,.31173951,1.825999566776318,.3150141162663626,.0658577630702757,.0516760469429429,19950.97908007387,.0186479159860959,.6711858367919921,.2479584,.3097741,.2318904,.2607986629009247,402558159.0751762,.4465820700608301,.0547338008880615,.2006620010724932,.5416645,.2318904
ETH,10919.88858411217,2286.409199745204,2500.941511271394,867.0041899504791,.02713562,4.775999232914685,.024848882122155,.0918479258153604,.0059434472141784,867.0041899504791,.0133371280720822,.5226609802246091,.0798136,.2279132,2.9154039,.1170240417122841,449428531.6427429,.18628255847929,.0449659013748169,.1031824606725365,3.1433171,2.9154039
FIN,47374.6613379088,25212.70537404628,33749.50506720106,24343.58631843011,.38512304,1.878999521672745,.3852006432588786,.0458361733690261,.0675220760128705,24343.58631843011,.0032903651603762,.663605575561523,.2012141,.348965,.3680425000000001,.2075639069080353,867392420.8531044,.551109,.0650444984436035,.2368623865889244,.7170075,.3680425000000001
FJI,17076.09436102659,4664.326019408017,6200.593561650802,2970.696049348911,.19052604,3.660999314793574,.1237750737815049,.5237767261475267,.2065044703487547,2970.696049348911,.055296797144611,.6613480377197269,.1578444,.1611045,.6267258,.1506302058696747,168906039.0430403,.26973054618465,.0449847984313965,.1497721422351406,.7878303,.6267258
FRA,41032.74214278909,26575.61567524353,29864.73749859064,22223.01664116894,.23264465,1.543999681671085,.2275086844353734,.0545241880682471,.0186860864938553,22223.01664116894,.0070609042602002,.648432312011719,.1815487,.2838317,.3730938,.2085080742835999,21051594320.77805,.566271,.0555127621,.2398925669414305,.6569255000000001,.3730938
FSM,30659.5193122463,8358.649323053862,11437.27510691131,4545.164955503835,.14817702,3.667999233761936,.1380495821620156,.3255371531353012,.2674509259692041,4545.164955503835,.0621861326968728,.592545776367188,0,0,0,0,18911900,.6403866666666667,.12407919883728,.1861909351,.4887147500000001,.32761025
GAB,24737.77884225051,7689.705802838757,8446.577149841674,3811.332640567708,.05419933,3.216999385479511,.044396298939662,.1983039558703436,.01113934530629,3811.332640567708,.0011659042678782,.560402069091797,.0471526,.0932635598572398,.4196190607965511,.1900907903909683,23461590.65267057,.22804361246527,.0307808995246887,.1348694438320757,.4094098,.2567837
GBR,39546.28742910671,23808.72732306908,28073.7798504224,23742.46996156072,.2555125600000001,1.660999636498376,.2710110397428794,.1129664911170258,.0492238160526952,23742.46996156072,.002160384689921,.658507614135742,.2433356,.3119587,.31421,.1962287425994873,5246641383.890071,.505627,.0570323991775513,.2165853999589245,.5484150999999999,.2364564
GEO,10706.7598831687,4773.411439218366,7679.907459442435,5984.010247814598,.4834938300000001,2.242999586250187,.4898576322763483,.0380179436980908,.0622136473195864,5984.010247814598,.0903958616925908,.684844665527344,.1299487,.136017,.1022415,.190485417842865,1335593274.836,.3306021105223,.0322237992286682,.1527110752648752,.2382585,.1022415
GHA,13201.73063788976,3762.249287277146,4214.978346468235,1650.35499525122,.05750521,3.508999438855434,.0479612218484554,.1879448073678643,.0164913517944685,1650.35499525122,.0123056260260688,.574982070922852,.116387,.269648,1.5087295,.1113162115216255,933301508.8,.241106,.0554059982299805,.0706949942103097,1.212219,.9490392
GIN,7379.457288734542,1545.112738179586,1689.999427995271,627.6443533575506,.02770893,4.77599925648716,.0248334133440755,.1146519058929004,.0092138887679453,627.6443533575506,.0107525042932212,.5399362945556639,.0696047,.0405917,1.0009901,.1573726385831833,58116000,.29681298063513,.0255118989944458,.1256819879696376,1.0364517,.9563200999999999
GMB,10465.97050062887,2289.14528610092,2606.997025007473,1042.948744543246,.04997104,4.571999236647606,.0388722677282888,.2647243218556738,.0437466368988039,1042.948744543246,.0940813305826518,.515012741088867,.2125962,.1401971,2.2236201,.1106419786810875,91604035.9924504,.24252911247489,.0256322002410889,.1013862681147716,2.3638172,2.2236201
GNB,7044.204128913952,1474.917333437239,1534.443636346047,616.6917911470467,.0176469,4.775999284310871,.0106883170313935,.4245803617655201,.0432261542997755,616.6917911470467,.0509487473477426,.551440658569336,.0474635,.0938784918177174,.422385813128377,.217254176735878,48389309.76402622,.22535045924492,.0186082005500793,.0920091887328633,.4072173,.2567837
GNQ,125023.5400776326,33983.03128928496,38014.66562840464,22048.50606447469,.05632753,3.678999057304615,.0442839609837033,.2537483164355944,.0386818078707657,22048.50606447469,0,.577720565795898,0,0,0,.0950596183538437,0,.41831268721564,.02189821,.1168623339118142,.4094098,.2567837
GRC,24265.66804866122,17028.54324159282,18362.0053074498,16361.84002411307,.1850031100000001,1.424999643503942,.1842530150308604,.0701017331119665,.0606434078576488,16361.84002411307,.0058853860142167,.664959030151367,.2020131,.2066077,.2431325,.2276984304189682,1615129937.597497,.502437,.0401821,.2220415816742526,.4783591,.2431325
GRD,29372.64666451046,8677.297703904449,10959.77290039261,5410.208164910357,.20202321,3.384999301256415,.1102892829124501,.7096203612157822,.4069481330375586,5410.208164910357,.0374205486442261,.652435607910156,.0892051,.0979725,.793851458461727,.2058047503232956,28644237.55555556,.305,.0323129,.162,.1609164,.0519902
GTM,53242.06744901253,9605.281651003987,11785.08375786772,4460.621442854946,.0528908,5.542999089823403,.0499533150070648,.1539868587476648,.1014591574039827,4460.621442854946,.1110054663984281,.5405972290039059,.0858592,.0561372,.1991692,.108375608921051,4430151620.000001,.1317733333333333,.0280306005477905,.1047586427482498,.2553064,.1991692
GUY,18490.7041044535,4371.325656421554,5692.928587727643,2676.873732937463,.2096496200000001,4.229999217123146,.0936020616042276,.7697174986971052,.4084807998520289,2676.873732937463,.1640268884881991,.5919063949584961,.0798486,.1130234,.2546028,.2438525408506393,357045134.3967772,.2753766666666667,.0363855004310608,.2691404899528728,.2948480999999999,.1818247
HND,29273.65852020624,4745.28503876903,6049.003478945152,2323.110399646461,.0623174,6.168998970776283,.0531514428040963,.2476000207652702,.1092256418659081,2323.110399646461,.1876472354050265,.589012832641602,.1993053,.3942077801948386,.4356348,.1348083764314651,2729510482.542494,.277445,.0587492990493774,.1792643157381234,.6390536,.4356348
HRV,26405.90247088854,8327.312502434608,10806.52052282876,8903.621762053708,.13932345,3.170999342605241,.1371350323626024,.1410412111208698,.1251149383245031,8903.621762053708,.0317261580623749,.671640090942383,.031978775,.0632511122689672,.2558302,.2345559448003769,2333984517.713398,.43312947258544,.0424204015731812,.2060600292058695,.4946597,.2224972
HTI,6877.055719990578,1446.887678615055,1605.45684882601,685.830233344606,.05856137,4.75299902102506,.0292015217582084,.5638471991597048,.0980520372568221,685.830233344606,.2152726412378334,.5938692855834961,0,0,0,.024070680141449,1476559602.169929,.27547,.0302451992034912,.0740181713303561,.4051043,.2524782
HUN,15755.10852865349,10351.58489461174,11080.00355868218,9500.030963914201,.13949747,1.521999644407535,.1348043819927908,.1151110584525466,.03151076283485,9500.030963914201,.0166977072887597,.686349563598633,.2193123,.212401,.2809955,.2859658598899841,2038018080.177245,.494542,.047612099647522,.2144238309053864,.4589834,.2465824
IDN,29056.80420010456,7210.126145333222,8646.716915064191,4427.685997641233,.06672076,4.029999422258607,.0657578587522242,.0167922779154606,.001365765185234,4427.685997641233,.0131083121431902,.6516134643554691,.0996239,.0828022,.2332807,.1201310604810715,6927855060.55603,.182687,.0281227993965149,.0900591499311107,.3011184,.2183162
IND,20032.35656762071,4906.284467153573,6132.842931976981,2974.908449158359,.08412679,4.082999406522931,.0810890267266099,.0412221576819473,.0020051482726932,2974.908449158359,.0335656786775522,.647598342895508,.0749038,.141265,.7154343,.1068385317921638,56796166056.39088,.273171,.03377690076828,.1100760786746431,.8566992999999999,.7154343
IRL,50310.61975822916,27628.0240874783,36796.11482310884,27898.3830828713,.39414635,1.820999561855427,.4041905462985775,.1780456129264038,.2001213166515148,27898.3830828713,.0025390367529478,.6733687591552731,.1921821,.2767082,.3153732,.1301977187395096,663124166.2076056,.2507666666666667,.0603804016113281,.1878842678230045,.5920814000000001,.3153732
IRN,33253.31108932685,8917.489171458232,11804.45284047315,6944.264917327112,.12628748,3.728999323683967,.1186302101797991,.0775157316913117,.0093652295121838,6944.264917327112,.0031790521058166,.712239074707031,.1185865,.1810703,.1523897,.1946022659540176,1205600000,.217502,.0370918011665344,.1080454016967648,.33346,.1523897
IRQ,6300.657676422386,1848.242574955009,2502.178812037706,1048.928462632375,.15381497,3.408999317406027,.1468722529638309,.0810940093579505,.0297611503433689,1048.928462632375,.0035165841929821,.553997383117676,0,0,0,.2446959465742111,178720000,.5068339357141199,.0352314261,.1892638518518518,.3889112,.1907659
ISL,48545.3828143551,22340.26300525272,30271.10362791293,19241.93436245176,.3255298500000001,2.172999610745001,.3026446999836048,.1689269045923305,.0810782945066741,19241.93436245176,.0069153097910041,.669345550537109,.243018,.1940782,.2639043,.2404965162277222,130631280.7246344,.476687,.0697847986221313,.2468374999255404,.4579825,.2639043
ISR,31641.81619333029,22189.21688612478,25435.70304802169,17936.66489557122,.32300051,1.425999680642914,.3434490404583411,.0720140031460848,.0295486811284079,17936.66489557122,.0027265808581188,.62326976776123,.2154325,.1530056,.1979111,.232061505317688,4729480000,.454274,.0553534984588623,.2265981946044015,.3509167,.1979111
ITA,37142.82322430015,22927.67360395161,24492.76379729322,19909.35779682083,.1113422,1.619999650461639,.1101001561813485,.0769821074726725,.0402470956539662,19909.35779682083,.0028966282010071,.6566734313964839,.2283465,.2394346,.2444501,.1708320379257202,8053724715.603621,.5027550000000001,.0433411979675293,.2055298416897777,.4838847000000001,.2444501
JAM,19994.98835047984,4755.051761239339,7109.017943962489,3668.330955777461,.21949389,4.204999094535287,.1544603659561856,.5568967622007713,.3178687250911536,3668.330955777461,.1569026500278445,.631167793273926,.2198013,.250147,.5452797,.2052285224199295,2069253271.534241,.2922966666666667,.0637060022354126,.1612006096561272,.7954267,.5452797
JOR,27817.54269809798,10670.328834095,14395.20816942577,5702.184514534311,.22493182,2.606999571485776,.2172294207603242,.0607960798240813,.0178298377796392,5702.184514534311,.1631908024472347,.615170936584473,.1514867,.1864112,.2318203,.2144268751144409,3626105018.012557,.30426715703277,.0487,.170882590638218,.4182315,.2318203
JPN,40533.67847128007,25113.80951530789,30227.90083955328,22815.51285274338,.33294933,1.613999598371292,.3316559523850354,.0103840015833676,.0033849541168504,22815.51285274338,.0002924276766997,.637514038085938,.2297133,.2473159,.2399086,.1853429675102234,1936537389.069753,.398341,.0363949990272522,.1949160384280006,.4872245000000001,.2399086
KAZ,34330.11202267581,13510.476541692,18352.42702788973,11245.43716962116,.22723187,2.540999343489955,.2325665351163456,.0540697028349247,.0821479421955334,11245.43716962116,.0012282589646691,.684362258911133,.0026455,.186624,.0956983,.1665932685136795,202404221.7769599,.22473448112742,.0306071996688843,.1081234471775296,.2823223,.0956983
KEN,13359.54351218162,2803.68230684094,3115.272689667737,1098.413288268765,.03704184,4.764999044144393,.0295182341606718,.2155045395917466,.0078608780998293,1098.413288268765,.0200023803472971,.548191375732422,.2289785,.4528986745327085,.7642309,.1224531307816505,825930864.5120221,.30140087105077,.0550822019577026,.1416902914964811,.9808612000000001,.7642309
KGZ,7425.53426793738,2967.839884426982,3458.001569315442,2834.678242085069,.1113598,2.50199962164437,.1099585666306853,.0159551280627391,.0018437200890956,2834.678242085069,.2095059462409143,.655234527587891,0,0,.2263517,.2198039144277573,1442300983.3203,.36382246327646,.0581883001327515,.181270712390519,.4609274,.1887649
KHM,22495.46309092483,4985.697409200547,5329.873158305983,2481.736653924688,.02623984,4.511999274045787,.0196562167285122,.2786105402895266,.0304785093898821,2481.736653924688,.0186672838014357,.631336631774902,.0482626,.0605226,.0880257,.1004622802138329,470644873.4036203,.19879236341365,.0153378999233246,.0634468216449297,.126285,.0657624
KWT,43125.49650525944,17968.96001573456,22095.52933716481,12894.33645037602,.17500973,2.399999580804704,.1640356701387945,.085984808614419,.0118651150444329,12894.33645037602,.0000391226090833,.726464920043945,.1742814,.1397006,1.550960018796589,.1213820427656174,2611487.928060879,.43146607981663,.0376,.1713040218626811,1.3465335,1.1289651
LAO,15259.84513337991,3503.179077499453,4076.586516944403,1669.179071196043,.06248832,4.355999164128456,.0487729630763937,.289653238175608,.0765835397875906,1669.179071196043,.0045598106761273,.594951477050781,.0541822,.0734751,.4821766747939858,.2144786715507507,82084595.244,.22663345428415,.0170978999137878,.1189822412085541,.2199851,.14651
LBN,19767.03049665216,6339.651763565587,8626.654815951713,4452.734821589747,.19831324,3.117999416033328,.1703238657259807,.2530139289056644,.0998962008010082,4452.734821589747,.2176132239903632,.67844841003418,.0262036416184971,.0453323,.1956536,.170072928071022,7040314426.995304,.30605940287233,.0161330997943878,.1221987077972786,.1714063,.1074533
LBR,9492.417922367427,2040.502910762169,2112.604133549032,801.5985187970805,.02495658,4.651999206814078,.0096755294007749,.628102273749136,.02571187097686,801.5985187970805,.0885216383103177,.535807838439941,.1449935,.1773005,.5135162,.2017862647771835,289452800.5429923,.3252666666666666,.0177711999416351,.1423686686686687,.6908167,.5135162
LBY,14329.17426270595,4693.474313177425,5646.909148586257,2993.563377094551,.10521902,3.052999400140591,.0989481657173732,.0853827991593945,.0206027039212834,2993.563377094551,.0003040032537382,.659806671142578,0,0,0,.0994325908558031,0,.9449166666666667,.023,.0994325908558031,.3889112,.1907659
LCA,33443.41723470322,8111.429306947188,11855.48860066556,6936.656432072073,.17555339,4.122999285225845,.1477996635872403,.3710129909835815,.2277523148908278,6936.656432072073,.0248428469409285,.6627169799804691,0,0,0,.1723097413778305,29024326.37037037,.2367866666666667,.034828999042511,.1253,.340234,.1531342
LKA,27693.88812938315,6209.393134111413,7881.079761561862,4895.078384343473,.08907026,4.459999154707451,.0778089793508459,.1589682316806348,.0253438886609298,4895.078384343473,.0768322054883469,.671108627319336,.0506586,.0733734,.2704113,.162771999835968,4307388000.000001,.22844062137319,.0171774005889893,.0845584606674845,.2919023,.2185289
LSO,6607.090253140786,1383.394356684638,1609.882531105693,1951.902564632691,.0437893,4.775999136627209,.0433578406765043,.0107966768026529,.0005022023408717,1951.902564632691,.3053347638585542,.580828704833984,.2155378,.4842486,10.4617915,.3180393874645233,587560202.7563133,.57737281172414,.120834999084473,.4083321890125606,.9311892000000001,.4469406
LTU,27407.33790825153,11783.03697371198,18115.87655935952,11341.84429787347,.3871341200000001,2.325999482934446,.4053198675691133,.056090819914874,.1251939998225937,11341.84429787347,.0361908051496451,.692646179199219,.2240099,.2147123,.1920368,.2749254405498505,1588182290.916119,.41948642360286,.0531273984909058,.198449958662449,.4067491,.1920368
LUX,72119.64832529791,55011.18661824588,59287.17135687387,35572.30281412432,.23238667,1.310999684950944,.2499339105903047,.1245011431017395,.0657060685493805,35572.30281412432,.0306947542721904,.6836351013183589,.2425985,.1989421,.4111313,.1470220386981964,1707202168.423649,.4236133333333333,.0409041023254395,.1703529798984574,.2029024,.0039603
LVA,29451.24532682384,14965.06652965955,18951.78856693344,14816.36199504503,.29877858,1.967999625558219,.2752086725627256,.1125691691944856,.0507981627167035,14816.36199504503,.0404831746139151,.674730987548828,.2670617,.27765,.2004302,.2580844759941101,1553748989.422256,.43350298661458,.0507271003723145,.1826985092607471,.4280355,.1503855
MAR,23631.30851106463,5903.401021283691,6872.798311588829,3464.934373216442,.06971718,4.002999021388863,.0546819917051088,.308896431803226,.1046320324578163,3464.934373216442,.0743821597818001,.6685699462890631,.1788267,.3425907,.8209375,.1713933348655701,6670032599.964371,.31907050906181,.0526064014434814,.1794783233752727,1.1635282,.8209375
MDA,8706.578208227482,3770.714502239769,4370.890314889069,3540.471785383904,.14525295,2.308999581659088,.1215948916744245,.2382658882221685,.0648736862549479,3540.471785383904,.3015065195418478,.721729278564453,.3451114,.3278984,.3734812,.2107683569192886,1758540000,.40796002819707,.075922999382019,.1821365556014899,.7013796,.3734812
MDG,8916.764281172478,1866.994487779448,1997.267263802682,729.8971074091318,.02291204,4.775999254169108,.0184790113494663,.2043808539150331,.0090398705128855,729.8971074091318,.0396855249754053,.5374492263793951,.0790264,.1163491,1.4690817,.1337311267852783,343809925.7736626,.13830945056958,.0238168001174927,.131160749733949,1.0690772,.9527281000000001
MDV,62148.16769890842,20806.22049578581,22549.9008307798,7807.724056487119,.04458457,2.986999378935554,.0421770248611387,.0583570279906759,.0020979623215641,7807.724056487119,.0023014777624868,.65015625,.1519084,.3004610171277413,.3187037,.2686044573783875,4016591.409315818,.40075443429877,.0411746978759766,.1879129836899454,.5908662,.3187037
MEX,47618.48004381549,10374.39838390838,14921.13478180407,7978.798676554313,.11627854,4.589999176981292,.1220794337047705,.100973645412571,.1407374579452551,7978.798676554313,.0241209267616853,.639725723266602,.1420939,.1524485,.4064967,.1797375828027725,23370358608,.262826,.0515922021865845,.1177136330862857,.5589451999999999,.4064967
MKD,11751.34945770396,4469.89422804308,5270.613569268981,4063.425531760066,.10623732,2.628999447901634,.1099669387465551,.1295181084349801,.1625504855858571,4063.425531760066,.0400878763134704,.7091564178466799,0,0,0,.2752552330493927,400797738.4,.32018485471532,.033010021,.1829058578171307,.4991763,.2270138
MLI,16559.12637017529,3467.154326736793,3546.463175515923,1145.485782287594,.0082709,4.775999222901729,.006057822955624,.2787605175802124,.0130759107803643,1145.485782287594,.0421073412773772,.503021583557129,.0630255,.356859,1.2855564,.1771883815526962,593809842.9998323,.2280862066996,.0334388995170593,.1568764548050186,1.6424154,1.2855564
MLT,46245.17548278849,16433.96847945623,21763.23155267065,13962.18022636425,.19009017,2.813999280855299,.1787671016681316,.29191041349223,.2365335866479354,13962.18022636425,.0292589717817847,.698875579833984,.2318217,.3291001,.5631045,.2376310080289841,236233002.9391278,.3609633333333332,.0645488977432251,.1906336390812592,.8922046,.5631045
MMR,19443.59650269799,4216.785934892144,5801.16737519336,3103.824243222329,.10515914,4.610999183480088,.104052088468946,.01422487118953,.0025042916758583,3103.824243222329,.0043412497353837,.688354949951172,.0658551445086705,.1139294,.1155094,.0788977891206741,125152588.9033785,.18449162499512,.0078744000196457,.1081633212458663,.2294388,.1155094
MNG,5625.842195998742,1248.245660399778,1677.542814059047,1001.308042072294,.10168531,4.506999202542346,.0980668616141737,.0457440458729667,.0065485212377092,1001.308042072294,.0431597487318258,.692326736450195,.1240333,.1540936,.1830546,.2278508692979813,252787107.5841694,.3661160443103,.0464510011672974,.1268812569770802,.2050264,.0509328
MOZ,27464.36818814927,5750.496848540163,5861.128011584486,2159.767243148025,.00843109,4.775999172162219,.0050949534200525,.4018218801316881,.006809027715342,2159.767243148025,.0099133898560616,.514220809936523,.146371,.6107715,1.4865744,.1340034157037735,129284732.7236425,.33400626211711,.0567216014862061,.1784592508286877,2.0973459,1.4865744
MRT,11747.4056185596,2542.729003957034,3097.986453906643,1299.210162710606,.06273911,4.619999064107147,.0603234065897255,.0544668504394832,.0140675339333624,1299.210162710606,0,.563045043945313,.1126867,.2651682,1.6281621,.1514804810285568,0,.2793096299553,.0233102011680603,.1352009150767673,1.8933303,1.6281621
MUS,77008.80406289414,22689.69329399585,24088.77463711082,14529.24173729329,.07158948,3.393999339923745,.0257567055739809,.6902277153161023,.0964986089122,14529.24173729329,.000078458341273,.711075134277344,.1019572,.1840825,.1244074,.1883804500102997,230000000,.25118093130971,.0355147004127502,.1381848764600253,.3084899,.1244074
MWI,7977.063550458864,1656.711264384658,1724.638187892928,743.8361834851428,.01236851,4.81499928318634,.0107473318628039,.1341952668237004,.0019576219840156,743.8361834851428,.003817044607822,.5111553573608399,.050869,.1740599,14.47392,.0837594866752625,21744440.06821315,.37552848467754,.0353979992866516,.1423141046671191,14.6479799,14.47392
MYS,53454.16444600756,14881.45207245792,21028.14866798403,10292.18292077517,.16781754,3.591999234062562,.1593534967414184,.0664565931584182,.0068722392174726,10292.18292077517,.0062794313222303,.674766006469727,.1238303,.1805817,.4547487,.1563621610403061,1213629008.410703,.27878314846227,.0496645021438599,.1258116902879598,.6353304,.4547487
NAM,30258.9024670231,6335.617347539849,7744.08935377295,4570.853495695106,.06140512,4.775999055367948,.0588745232604377,.0475508015178575,.0039334611227253,4570.853495695106,.0017048388720069,.5887120056152341,.1708606,.1536475,1.1526448,.2502482831478119,63628115.76981191,.32750423965367,.0834961032867432,.2555409669672481,.9137713,.7601237999999999
NER,7086.808104750035,1483.837761628345,1522.300951340364,514.4359303908331,.00761406,4.775999295888697,.0068647855256341,.1000262052839966,.0010426096563883,514.4359303908331,.0207094996627963,.475920791625977,.2170959,.426507,4.5190547,.146146297454834,129737778.8166677,.20661262769346,.0274470996856689,.1548068429123771,4.9455617,4.5190547
NGA,15055.06109048095,3152.232790395618,4200.05550906614,1524.443837955527,.09207787,4.775999138246219,.088031406675253,.0512948622624894,.0032639740906478,1524.443837955527,.0941893823247804,.532488021850586,0,0,0,.1069186255335808,19695036594.82681,.26683414898464,.0364,.0884810020762782,.4072173,.2567837
NIC,10520.73137410962,3193.908182736913,3796.081254445636,1673.867957137919,.09823715,3.293999317505186,.0821874714293335,.2383261653298674,.0733818254921524,1673.867957137919,.0967300806663448,.609176864624023,.1125575,.0742901,1.001668464424185,.1727710515260696,868979999.9999999,.335596,.0448422002792358,.1409760869913875,1.6088449,1.5345548
NLD,41718.28308117617,28971.03532388066,32084.14243335729,24694.93965057912,.24955789,1.439999731276018,.2442179809123845,.0818969628104378,.0385493204696043,24694.93965057912,.0019639761061767,.670553512573242,.1684558,.2273967,1.499117006946206,.2113475948572159,1702233607.650265,.511946,.0548908996582031,.2624333723933684,.5578227,.330426
NOR,44206.19433736393,39646.81982196328,40956.13644299599,28499.56410404919,.2825076899999999,1.114999753722362,.287170228418417,.0520776772980963,.0261423496716051,28499.56410404919,.0015636358357783,.6618535614013671,.207242,.2676168,.4344995,.1241715550422668,705581590.3687513,.459206,.0674633979797363,.2134020765748054,.7021163,.4344995
NPL,47327.97973401424,10473.11069818206,11778.39438210976,1133.881099239067,.03934529,4.518999282823345,.0354168585610394,.1076441807109569,.0046103410239905,1133.881099239067,.1952202716924069,.5797000122070309,.1109709,.1105385,.3302038,.0816836878657341,3636794051.205093,.18777491594224,.0363172006607056,.0999258870498518,.4407423,.3302038
NZL,27926.91453915514,22576.3306365689,24453.5340510328,18653.24706446202,.31584698,1.236999713935772,.3508408518846955,.1686968862433023,.1335173841114877,18653.24706446202,.0028545145309528,.665050048828125,.1941374,.2167271,.2808001,.1985010355710983,408001260.8160838,.351255,.0700128984451294,.196876397536895,.4975271999999999,.2808001
OMN,10210.55480163115,3611.799537450286,4637.820886764353,8332.427437764976,.15584713,2.826999310387861,.1554871044973406,.0034051428559475,.0006715336421001,8332.427437764976,.0008452266150248,.7008607482910161,.1562354,.150388,.4276602,.1706018000841141,39011703.51105332,.34013894232257,.041877498626709,.1869942253602682,.6035759000000001,.4276602
PAK,14900.53544343438,4956.932115443801,5382.462007470859,2239.03869102446,.04769199,3.005999496545518,.0427943350102493,.1142701437367464,.0078250244075877,2239.03869102446,.0458593786240057,.602393379211426,.0840863,.1087309,.7858395,.1139075830578804,10343200000,.202583,.0228687000274658,.1031622662708727,.8945704,.7858395
PAN,27482.6782559958,9259.664597665094,12367.57220868286,6674.924471299094,.18590393,2.967999322883228,.170548498140261,.1427802497254861,.0479753799112819,6674.924471299094,.0134869651731106,.639162368774414,.119181,.1448871,.2580472,.1329169124364853,380820000.0000001,.265557,.0315900993347168,.1261230354310248,.3399578,.1950707
PER,19958.75570780647,8343.963242383837,10635.53504143378,5387.889380076077,.20390974,2.391999476510676,.1972976965255284,.0781585632981352,.0393517839872451,5387.889380076077,.0190859359519932,.6401182556152339,.0881718,.1064755,.1130361,.1030080989003181,2574234002.87183,.203983,.0286730003356934,.1052583592460363,.2195116,.1130361
PHL,13231.15512290116,4168.606670999753,6673.289164672043,2926.452995831855,.29374837,3.173999412069247,.2763772802943509,.1159772159848882,.0373036710633308,2926.452995831855,.1153895056378354,.610009613037109,.090567,.0919364,.1056665,.0920198857784271,21606023905.15591,.168813,.0253777003288269,.0972039517748043,.1976029,.1056665
PNG,11322.14050968454,2565.052675337998,3827.608065532378,1633.882827141901,.14696685,4.413999220578432,.1441752571262855,.0284585082789093,.0064060611044112,1633.882827141901,.000941615472631,.581657524108887,0,0,0,0,8428188.487140212,.28189805146764,.01965,.1508,.47804385,.32761025
POL,20836.28204466482,12720.56545649557,14155.73186807879,10160.12801430914,.19139408,1.637999671942656,.1768379164047385,.1655113924672376,.0808469603404883,10160.12801430914,.0198435716996038,.7146377563476559,.2677388,.2409019,.2043721,.2375988960266113,8234000000,.453656,.0506842994689941,.1917511493982765,.445274,.2043721
PRT,36608.26244771182,14458.24225998964,17251.49337541732,14436.01191730566,.11438197,2.531999518988421,.1261060302317912,.1319893878487108,.1431093192067769,14436.01191730566,.0022685057759792,.668363265991211,.2100495,.348872,.3001118,.1978751718997955,3943078108.94,.513467,.0541248989105225,.2059315437855765,.6489838,.3001118
PRY,16090.56298251774,5787.973470393126,6918.042290737497,3294.685990338164,.11188173,2.779999435869019,.10968784294613,.0445178714076138,.022999592440397,3294.685990338164,.0228596131526125,.612908515930176,.0794887,.1116064,.1426133,.0909665450453758,464917000.0000001,.216154,.0277293992042542,.0880070558203927,.2542197,.1426133
QAT,22233.10353413206,8389.851898572164,10720.80005776451,17311.09411012999,.16937405,2.649999523581081,.1683815494045285,.0088760573282919,.0018427637287422,17311.09411012999,.003419016148629,.8516962432861329,.1021809,.1085565,.9093253243584939,.1098881587386131,275384615.3846154,.28454463682488,.0453965997695923,.1398389986000755,.3551389,.2465824
ROM,16076.8680932781,4783.359404202984,6217.029553160833,4895.162293001144,.13945264,3.360999401205745,.1269463891540389,.202686271369104,.1114092943220604,4895.162293001144,.0068893685888393,.70149528503418,.1378714,.1388837,.2458628,.2494787871837616,890704184.8379446,.409009,.0349537992477417,.1546739020405306,.340498,.2016143
RWA,12678.17672792215,2622.167259630217,2688.566926536921,1020.021179920054,.00976244,4.834999247801623,.0066029837298852,.3282607548030324,.0036720161448348,1020.021179920054,.0172636298824287,.5302119827270509,.0764487,.3449434,1.7351484,.0869599729776382,92620992.72430781,.26205689145162,.0461529016494751,.1307968494306058,2.0800918,1.7351484
SAU,31853.82622487644,11331.85047661484,15809.20015342638,8435.317913598052,.22008447,2.810999517740913,.2181734220785645,.0127046243964443,.0016162145849751,8435.317913598052,.0003699898503465,.663023223876953,.1766133,.1760221,1.571711996160965,.1925778836011887,231344000,.38634898738889,.0513781023025513,.2020281245870713,.4226044999999999,.2465824
SDN,16837.5268828789,3525.445944163273,4158.293433955886,1524.101311201537,.04994423,4.77599916423484,.0475393360892284,.0542289919318453,.0038696893031413,1524.101311201537,.0229278301007283,.548043060302734,0,0,0,.058720488101244,1172117177.128216,.19040105790054,.0221867990493774,.1067841852106348,.4094098,.2567837
SEN,17283.13684369877,3618.747869134909,4000.32740817093,1456.147987203285,.036143,4.775999176707063,.0279251080854275,.2610583554712161,.0354458859975579,1456.147987203285,.1052807986913715,.532719421386719,.167507,.2526933,1.9135265,.1331424564123154,1501858056.623089,.27178183112008,.0518251991271973,.1353740043532166,2.1662198,1.9135265
SGP,67986.38479780318,19570.06352065969,41762.48495567111,28106.83727390956,.4634756099999999,3.473999188915838,.4583665352842096,.0419563763351674,.022053072796917,28106.83727390956,0,.736465225219727,.1086314,.1653481,.2523741,.1081722378730774,0,.14432361433499,.0308044004440308,.09691568385966,.4177222,.2523741
SLB,16276.64126734142,3448.441756752327,5278.57911277179,2079.487234544238,.14550873,4.719998890939783,.1426651771753915,.0282989064808176,.0056332458496608,2079.487234544238,.0202320036506219,.5595321273803711,0,0,0,0,14717321.40780836,.56354190687783,.0986063003540039,.3323005611124665,.4025622,.2524782
SLE,8902.930724820613,1864.09801370435,2042.0840003144,686.4424362177259,.03557092,4.775999255065265,.0252862930424474,.3084503352705831,.0168040459977872,686.4424362177259,.0127918168874246,.552770729064941,.0770711,.1305762,.6858689148966776,.134149894118309,45207772.46222678,.20550955957103,.0258863997459412,.1039971473586013,.3873599,.2567837
SLV,16721.4138368154,5323.596582590285,6314.986129649986,2940.418907444098,.09395585,3.140999431004841,.0869806494477877,.3267314698513725,.2671415216976587,2940.418907444098,.1726933358063689,.610430526733398,.1136629,.1305389,.2041816,.1860612630844116,3637384899.882939,.2514866666666667,.0404806995391846,.157116357833295,.3347205,.2041816
SOM,16874.37686652895,3533.161564621388,3893.81890506186,978.065349286187,.03722868,4.775999217102658,.0270333198497219,.3184491021793501,.0514693420236203,978.065349286187,0,.494851531982422,0,0,0,0,0,.1396017047510723,.01277,.0874,.4094098,.2567837
SRB,8486.940489547495,2500.572180047955,3267.02434009294,3620.208354404774,.12923454,3.393999404322227,.1280329108432455,.0684775342617408,.0584373663089913,3620.208354404774,.0928080614878155,.6807159423828131,.5110212,.1242232,.4046815,.2729031145572662,3964048907.776432,.46197801996238,.0432780981063843,.1913874604520736,.5289047,.4046815
STP,18311.66186367958,3834.100695855289,3958.106096977819,1484.154468468993,.03261918,4.775999201970547,.0085653515592203,.7851500008722418,.1614483409506708,1484.154468468993,.0179770855180931,.5480451965332029,.1815703,.180547,1.3553961,.6214726567268372,4920696.346289172,.49056194199938,.0965147018432617,.1393,.5998567,.4193097
SUR,23766.94947354943,6919.055148330528,7874.591931734035,4182.615207714785,.10924565,3.434999282999509,.0567155019469231,.6885965494170482,.3647999275892385,4182.615207714785,.0010859688752582,.6491885375976559,0,0,0,.1613354831933975,4610255.05556061,.26175737125328,.0812332112001,.133244392562328,.4025622,.2524782
SVK,22747.51338528468,18315.23222790692,18867.62759964683,13033.30805565927,.13526209,1.241999724722261,.1246300386022265,.18691509820933,.090032529523214,13033.30805565927,.0189223599817447,.7256568908691411,.2157581,.1894678,.2208985,.2849445641040802,1798925790.452371,.3997100327162,.0408471012115479,.1935804068982035,.3751654,.1856976
SVN,32917.21119899194,22151.56100150351,23790.03306984775,18170.44385372197,.15965797,1.485999618571248,.1521944367769343,.0576850621729516,.0439190328150563,18170.44385372197,.0072936156402394,.6932653808593749,.3041403,.3054208,.2580786,.2122299671173096,235512229.1187501,.46880420021836,.0554546022415161,.2041953740451831,.5439607,.2385399
SWE,37718.06906749421,29793.10954623656,32272.71220999163,24409.17634051963,.32009411,1.265999744301908,.3128852150101041,.0510176099944705,.0210532035115779,24409.17634051963,.0071253981820144,.652895736694336,.2615131,.3018899,.3842777,.2048350274562836,4160523243.244801,.5392,.0652268981933594,.2503236949155483,.6975511,.3956612
SWZ,14511.36000873412,3596.372598830095,4407.853457217671,3150.208980398897,.07656392,4.034999046943769,.0743455606418067,.034076340499406,.0028649710781693,3150.208980398897,.0228641599387079,.5781864547729491,.1319017,.2764316,1.2819209,.1852937787771225,77966226.47239555,.36364041264969,.0611837005615234,.208988033748338,1.5583525,1.2819209
SYR,46986.43509356478,15568.73652208538,18291.10365907914,8360.161085005529,.09132462,3.017999246561281,.0866507497613174,.0668204067501693,.0114266527793449,8360.161085005529,.0259570639793326,.6053612518310549,.1774459,.1506868,.4940899,.300972580909729,1508502034,.26575291108106,.0513013982772827,.1230532265913909,.6365462000000001,.4940899
TCD,5708.289349766156,2056.300502970422,2093.588768200724,705.7424750060255,.01110191,2.775999588348233,.0102103995369587,.082212263117676,.0011769302379453,705.7424750060255,0,.486557235717773,.0708025,.1508423,2.1150163,.1535782366991043,0,.30464258828139,.0198194003105164,.0673529152085569,2.2658586,2.1150163
TGO,6247.205400645526,1308.041539548021,1598.445559725016,605.5978888051953,.0634697,4.775999241434012,.0587961906800285,.0872845200865176,.0098191666117965,605.5978888051953,.0989308228418668,.551876983642578,.1056538,.1690265,.7865386,.172419935464859,320068877.7000907,.22549201681613,.0409635019302368,.1336283457031089,.9391647,.7865386
THA,32242.81175758452,10797.99657591452,13317.62997258824,8750.101422591362,.11855474,2.98599944266548,.117493826611636,.0167494471947638,.0066770293385797,8750.101422591362,.0093860342970688,.7179833984375,.1836191,.140318,.1603965,.1951866149902344,4210395759.000001,.230332,.035084400177002,.1580081503347707,.3007145,.1603965
TJK,4050.291570935221,1205.085460700579,1472.276593140733,1540.488075429839,.09437767,3.360999450263531,.093909236128457,.0063423309372135,.0008692779981776,1540.488075429839,.3765459762682146,.6078207397460941,.019409925,.0383910686168321,.1552794,.291863888502121,2361711062.444,.26138521084609,.0400675010681152,.1132670366008151,.4274418999999999,.1552794
TKM,21500.91411354692,6397.17881166766,7963.074467363185,4382.8950093187,.10461852,3.360999394660022,.1036760526053903,.0115598313812998,.0015245360056116,4382.8950093187,.001799580114894,.666476898193359,0,0,0,.1372542977333069,38135999.2980957,.14064351573144,.0304924988746643,.071284298188372,.5136575,.241495
TON,39375.62614733182,10737.83300805072,12728.52513966503,5109.597204880128,.13008577,3.666999302169238,.0695127631494678,.7317657192348438,.4630751484086507,5109.597204880128,.2509259776110408,.566619911193848,.09667,.1912044793160796,1.2653,.1817565263425814,86996533.36691423,.3148073437756,.03908,.1817565263425814,1.3398081,1.2653
TTO,96729.40796786152,30068.20924137099,33988.23884192188,21314.37855402112,.1422261400000001,3.216999296212529,.0588052671635068,.6937968554535084,.1873949382403262,21314.37855402112,.0050511008677472,.709852066040039,.1509929,.2986502412840062,1.343711669874992,0,119057011.3386548,.38428774254614,.03137,.1062,.4029118,.2524782
TUN,32257.91074960243,8344.003574464501,10641.72026408251,6102.713929891405,.10478493,3.865999152771537,.0960828639498453,.1537225389800864,.0681051802884642,6102.713929891405,.0444357351583221,.695595397949219,.1743237,.2455746,.5335777,.2098356336355209,2054992107.426066,.30925139599212,.0625480985641479,.1661705350133614,.752016,.5064414
TUR,39141.98148064914,11398.36616567841,13865.93565002314,8066.381545855525,.08842513,3.433999304085306,.0889418864964297,.0611503599279217,.0539671646621743,8066.381545855525,.002828841103275,.6624783325195309,.1327685,.1175159,.4271303,.2002959698438644,1971200000,.35552,.0275062990188599,.1487455790620181,.5446462000000001,.4271303
TZA,9649.212622757423,2020.354714174946,2090.273478514879,744.3831450011318,.01163654,4.775999261445474,.0091650369134906,.2162198106044128,.0023721322009803,744.3831450011318,.0041349474615389,.520453224182129,0,0,0,.1759899407625198,244129819.1200054,.27484200424561,.0454169988632202,.1036220390098653,6.4340118,6.316187
UGA,13653.37142936569,2858.746590854335,3123.116646358937,1007.938925729722,.02877541,4.775999199455238,.0244908979663122,.1562676580318145,.0042893220018201,1007.938925729722,.0399171477662693,.486946868896484,.0423554,.0837751339942514,.8272859,.1216651052236557,800980691.1213118,.22408710099637,.0174151003360748,.0830913262951398,.9777195000000001,.8272859
UKR,12209.4149005235,5359.708805162291,6485.852054846998,5003.065617254425,.17545252,2.277999672064982,.1644075284408713,.0994501829329547,.0260772699552647,5003.065617254425,.0397362568015149,.703200988769531,.281313,.2750638,.3775878,.2420640736818314,7105800000,.49003804838306,.0616237020492554,.1938803682970984,.6651777000000001,.3901139
URY,30840.9594086928,14089.06688499071,15965.77427809756,9893.041978148362,.1213473,2.188999432002706,.112029574595916,.136733963996339,.0550184292072678,9893.041978148362,.0036593634249629,.63619556427002,.1203765,.146766,.2916904,.1244594976305962,110862400,.326925,.0435526990890503,.1264589595437452,.4384564,.2916904
USA,79589.36275370368,48678.5209360758,58392.76345554758,31177.72197167913,.3162907699999999,1.634999610161116,.3142665145383369,.0129668923588619,.0036563511755802,31177.72197167913,.0003778020717476,.670960998535156,.2205341,.2428969,.2083643,.1210594996809959,5888200000,.424577,.0493104982376099,.1674315749623364,.4512612,.2083643
UZB,31405.28673616319,9209.763120680229,10940.25809857783,5284.073870908759,.08195363,3.40999940222606,.0779659452003403,.0572640066759945,.0047419957823374,5284.073870908759,.0761110585354529,.658378524780273,0,0,0,.4838200509548187,3580858007.8125,.32067135184069,.0609001016616821,.1333194549932582,.5136575,.241495
VCT,26927.99740656395,6827.586912686376,9257.979067953031,5141.806894333477,.19141297,3.943999212449262,.1209125632537172,.6112176097347188,.3308679654862413,5141.806894333477,.0420387223108434,.6675601196289059,0,0,0,.2784036099910736,29046978.81481481,.3285008059855,.0508522987365723,.193,.4272176,.2524782
VEN,37857.13342393121,15585.4850127727,20064.5406777789,10596.13855763771,.20914359,2.428999379416574,.2011101999420081,.0615108657040564,.0141088983901222,10596.13855763771,.000600784254566,.649010620117188,.1755981,.1628547,.2051275,.1341646462678909,133600000,.369473,.0687468004226685,.1120953883845834,.3679822,.2051275
VNM,17836.75736661284,4181.144296148002,5065.322255593482,2970.230150510311,.07217588,4.26599899530984,.0647483166726386,.131808602963585,.02446709282944,2970.230150510311,.0645528552526565,.6996945190429691,.1959413,.3875540937521025,.3238883,.0933360084891319,7937000000,.32697619926482,.0513721990585327,.0599273899495233,.4495015999999999,.3238883
VUT,28073.86216295893,7676.747864305707,8272.711099034555,3089.523891322868,.03728034,3.656999377756424,.0292180171176566,.2348243245510291,.0155080992477465,3089.523891322868,.0160785942564821,.578517036437988,.1615883,.2102094,1.438001948603287,.1889062315938273,15200219.48891404,.27117403660674,.0501294994354248,.1889062315938273,3.5148662,2.6257856
WSM,31400.16046238408,8595.720158692582,10123.1979873629,3861.904864153585,.11837425,3.652999386052613,.0669815969314998,.6969404795827018,.43319246085527,3861.904864153585,0,.566734237670898,.0896586,.1302062,1.2100249,0,136475093.7966316,.4364717213715,.0514420986175537,.2034,1.967805,1.8759817
YEM,24334.5451940765,5264.939182263249,7846.776867249613,2698.69140451188,.13580406,4.62199929603285,.1353901954443614,.0120549510254834,.0085603983900519,2698.69140451188,.0565201180846908,.5531954193115231,.1805957,.1176636,1.607152055621444,.1147236898541451,1770288000,.30071194564293,.0515143013000488,.1306,.364246,.2465824
ZAF,41726.28657015291,8736.66135110988,10096.5012131328,4793.2717207136,.05196583,4.775999079425474,.0412202276623005,.2219678714902042,.0080269219654154,4793.2717207136,.0026930102912724,.6506326293945309,.1720415,.1937539,.3920118,.1878716498613358,991654530.4351714,.3559,.0572173976898193,.2022963790633668,.5857657000000001,.3920118
ZAR,7247.79120547269,1517.544435978169,1679.07385709423,249.4343113666063,.03643909,4.775999327361347,.0281889118590803,.2378057476919002,.0062948117283491,249.4343113666063,.0013686145121762,.5170391845703129,.0310452,.0953216,.7292908,.1532877832651138,406650634.918488,.28080579900579,.015249799489975,.0729510963115609,.8246124,.7292908
ZMB,8094.436965308484,1694.815392731718,1959.632047621553,844.5067300887936,.04649501,4.775999203229917,.0413800490992482,.1185156373912679,.0042428137358816,844.5067300887936,.0036731232508779,.5043443679809571,.1432072,.2832508338710425,1.274425392519265,.0997772514820099,54451412.54400001,.22613232782577,.010997200012207,.0937963703009065,.4094098,.2567837
ZWE,9310.593334586456,1949.454535635485,2234.663680213273,778.9351134980089,.05600462,4.775999216391768,.0387452474905694,.33122760116395,.0156435587234066,778.9351134980089,.1478997355595906,.54783519744873,.1401205,.2216475,1.6679841,.1608684509992599,1330400865.296466,.28681961709544,.0154405999183655,.1531562371923753,.6944370000000001,.4727895
